<application>
  <component name="GitRememberedInputs">
    <option name="visitedUrls">
      <list>
        <UrlAndUserName>
          <option name="url" value="https://git-rba.hackerrank.com/git/97b4acc8-1508-4b88-ac3e-bdcb89b311db" />
          <option name="userName" value="" />
        </UrlAndUserName>
        <UrlAndUserName>
          <option name="url" value="https://git-rba.hackerrank.com/git/bdb8747f-adc9-48f3-93f8-d7dde7869a72" />
          <option name="userName" value="" />
        </UrlAndUserName>
      </list>
    </option>
    <option name="cloneParentDir" value="$USER_HOME$/Desktop/project_andy" />
  </component>
</application>