{
    "Print to console": {
        "prefix": "log",
        "body": [
            "console.log();"
        ],
        "description": "Log output to console"
    },
    "Ionic 3 Badge": {
        "prefix": "i3-badge",
        "body": [
            "<ion-item>",
            "  <ion-icon name=\"logo-twitter\" item-start></ion-icon>",
            "     Followers",
            "  <ion-badge item-end>260k</ion-badge>",
            "</ion-item>",
            "$2"
        ],
        "description": "Ionic 3 Badge"
    },
    "Ionic 3 Icon Button": {
        "prefix": "i3-icon-button",
        "body": [
            "<button (click)=\"showRemarkEnter()\" ion-button block small icon-left>",
            "    <ion-icon name=\"add-circle\" ></ion-icon>",
            "    Remark",
            "</button>",
            "$2"
        ],
        "description": "Ionic 3 Icon Button"
    },
    "Ionic 3 Card Image and Description": {
        "prefix": "i3-card-image",
        "body": [
            "<ion-card >",
            "    <img src=\"{{ image_path }}\" />",
            "    <ion-card-content>",
            "        <ion-card-title>",
            "            This is Title",
            "        </ion-card-title>",
            "        <p>",
            "            This is desciption of item",
            "        </p>",
            "    </ion-card-content>",
            "",
            "     <ion-row>",
            "         <ion-col>",
            "             <button ion-button icon-left clear small>",
            "                 <ion-icon name=\"pricetag\"></ion-icon>",
            "                 <div>$99.80</div>",
            "             </button>",
            "         </ion-col>",
            "         <ion-col>",
            "             <button ion-button icon-left clear small>",
            "                 <ion-icon name=\"thumbs-up\"></ion-icon>",
            "                 <div>12</div>",
            "             </button>",
            "         </ion-col>",
            "",
            "        <ion-col>",
            "            <button ion-button small block  outline >Add</button>",
            "        </ion-col>",
            "    </ion-row>",
            "</ion-card>",
            "$2"
        ],
        "description": "Ionic 3 Card Image and Description"
    },
    "Ionic 3 Row Column": {
        "prefix": "i3-row-col",
        "body": [
            "<ion-row>",
            "   <ion-col>",
            "       ",
            "   </ion-col>",
            "   <ion-col>",
            "       ",
            "   </ion-col>",
            "   <ion-col>",
            "       ",
            "   </ion-col>",
            "</ion-row>",
            "$2"
        ],
        "description": "Ionic 3 Row Column"
    },
    "Ionic 3 List Image Detail": {
        "prefix": "i3-list-image-detail",
        "body": [
            "<ion-list>",
            "  <ion-item>",
            "    <ion-avatar item-start>",
            "      <img src=\"img/avatar-finn.png\">",
            "    </ion-avatar>",
            "    <h2>Finn</h2>",
            "    <h3>Don't Know What To Do!</h3>",
            "    <p>I've had a pretty messed up day. If we just...</p>",
            "  </ion-item>",
            "</ion-list>",
            "$2"
        ],
        "description": "Ionic 3 List Image Detail"
    },
    "Ionic 3 Right Button": {
        "prefix": "i3-right-button",
        "body": [
            "<ion-buttons end>",
            "    <button ion-button (click)=\"clickFunction()\">",
            "        ",
            "    </button>",
            "</ion-buttons> ",
            "$2"
        ],
        "description": "Ionic 3 Row Column"
    },
    "Ionic 3 checkbox": {
        "prefix": "i3-checkbox",
        "body": [
            "<ion-item>",
            "   <ion-label>Daenerys Targaryen</ion-label>",
            "   <ion-checkbox color=\"dark\" checked=\"true\"></ion-checkbox>",
            "</ion-item>",
            ""
        ],
        "description": "Typescript Singleton"
    },
    "Ionic 3 input List": {
        "prefix": "i3-input-list",
        "body": [
            "<ion-list>",
            "   <ion-item>",
            "       <ion-label floating>First Name</ion-label>",
            "       <ion-input type=\"text\" [(ngModel)]=\"user.first_name\"></ion-input>",
            "   </ion-item>",
            "   <ion-item>",
            "       <ion-label floating>Last Name</ion-label>",
            "       <ion-input type=\"text\" [(ngModel)]=\"user.last_name\"></ion-input>",
            "   </ion-item>",
            "</ion-list>",
            ""
        ],
        "description": "ionic input List"
    },
    "Typescript mini loading": {
        "prefix": "i3-loading-mini",
        "body": [
            "",
            "<ion-spinner name=\"ios\"></ion-spinner>",
            "<ion-spinner name=\"dots\"></ion-spinner>",
            "<ion-spinner name=\"bubbles\"></ion-spinner>",
            "<ion-spinner name=\"circles\"></ion-spinner>",
            "<ion-spinner name=\"crescent\"></ion-spinner>",
            "// show default",
            "<ion-spinner ></ion-spinner>",
            ""
        ],
        "description": "Typescript modal Response"
    },
    "Typescript Datetime": {
        "prefix": "i3-datetime",
        "body": [
            "<ion-item>",
            "<ion-label>Start Date : </ion-label>",
            "<ion-datetime displayFormat=\"DD MMM YYYY\" [(ngModel)]=\"startDate\"></ion-datetime>",
            "</ion-item>"
        ],
        "description": "Typescript Datetime"
    },
    "Select box": {
        "prefix": "i3-select-box",
        "body": [
            "<div class=\"select-style\">",
            "<div>Status</div>",
            "<select [(ngModel)]=\"moduleItem.status\" >",
            "  <option  *ngFor=\"let item of statusList\" [value]=\"item\">{{ item }}</option>",
            "</select>",
            "</div>",
            ""
        ],
        "description": "Select Box"
    },
    "toggle button": {
        "prefix": "i3-toggle-button",
        "body": [
            "<ion-col>",
            "   <ion-item>",
            "       <ion-label>Filter By Date : </ion-label>",
            "       <ion-toggle [(ngModel)]=\"isFilterByDateChecked\" checked=\"false\"></ion-toggle>",
            "   </ion-item>",
            "</ion-col>"
        ],
        "description": "toggle button"
    },
    "Vue Simple Data binding": {
        "prefix": "jaVueDataBinding",
        "body": [
            "<div id=\"myApp\" style=\"text-align:center;\">",
            "   <input type=\"text\" v-model=\"fullname\" /> <br /><br />",
            "   <h1>{{ fullname }}</h1>",
            "</div>",
            "<script type=\"text/javascript\">",
            "   // =========== Create a new vueObj ===========",
            "   var vueApp = new Vue({",
            "       el: '#myApp',",
            "       data: {",
            "       fullname: 'Andy Ng',",
            "       }",
            "   });",
            "   console.log(vueApp.mydetails())",
            "</script>",
            " "
        ],
        "description": "Vue Simple Data binding"
    },
    "Vue Dsiplay html Data": {
        "prefix": "jaVueDisplayHtml",
        "body": [
            "<div id=\"myApp\">",
            "    <div v-html=\"htmlcontent\"></div>",
            " </div>",
            " <script type=\"text/javascript\">",
            "    // =========== Create a new vueObj ===========",
            "    var vueApp = new Vue({",
            "       el: '#myApp',",
            "       data: {",
            "          htmlcontent: \"<div><h1>Vue Js Template</h1></div>\",",
            "       }",
            "    });",
            "    console.log(vueApp.mydetails())",
            " </script>"
        ],
        "description": "Vue Simple Data binding"
    },
    "Vue URL binding": {
        "prefix": "jaVueUrlBinding",
        "body": [
            "<div id=\"myApp\" style=\"text-align:center;\">",
            "   <input type=\"text\" v-model=\"hreflink\" /> <br /><br />",
            "   <a v-bind:href=\"hreflink\" target=\"_blank\">Click Me </a> <br />",
            "</div>",
            "<script type=\"text/javascript\">",
            "    // =========== Create a new vueObj ===========",
            "    var vueApp = new Vue({",
            "        el: '#myApp',",
            "        data: {",
            "        hreflink: 'https://www.google.com',",
            "    }",
            "    });",
            "    console.log(vueApp.mydetails())",
            "</script>"
        ],
        "description": "Vue URL binding"
    },
    "Vue Class and Style binding": {
        "prefix": "jaVueClassStyleBinding",
        "body": [
            "   <style>",
            "      .activeClassStyle {",
            "            color: rgb(0, 216, 97);",
            "            background-color: rgb(186, 255, 252);",
            "      }",
            "      .displayErrorClassStyle {",
            "            font-size: 18em;",
            "            color: rgb(249, 47, 58);",
            "            background-color: #FFBABA;",
            "      }",
            "      .infoClassStyle {",
            "            color: rgb(0, 216, 97);",
            "            background-color: rgb(186, 255, 252);",
            "      }",
            "      .errorClassStyle {",
            "            color: rgb(249, 47, 58);",
            "            background-color: #FFBABA;",
            "      }",
            "   </style>",
            "   <div id=\"myApp\" style=\"text-align:center;\">",
            "      <input type=\"text\" v-model=\"title\" /> <br /><br />",
            "      <div v-bind:class=\"{activeClassStyle :isActive, 'displayErrorClassStyle': hasError}\"><b>{{title}}</b></div>",
            "      <!-- Multiple classes binding -->",
            "      <div v-bind:class = \"[infoClass, errorClass]\">{{title}}</div>",
            "       <!-- Multiple styles binding -->",
            "       <div v-bind:style = \"[styleObj]\">{{title}}</div>",
            "   </div>",
            "   <script type=\"text/javascript\">",
            "      // =========== Create a new vueObj ===========",
            "      var vueApp = new Vue({",
            "         el: '#myApp',",
            "         data: {",
            "            title : \"same text here\",",
            "            isActive   : true,",
            "            hasError   : false,",
            "            infoClass  : 'infoClassStyle',",
            "            errorClass : 'errorClassStyle',",
            "            styleObj : {",
            "               color: 'yellow',",
            "               fontSize :'40px'",
            "            }",
            "         }",
            "      });",
            "      console.log(vueApp);",
            "   </script>"
        ],
        "description": "Vue Class and Style binding"
    },
    "Vue Define Global Component Binding": {
        "prefix": "jaVueGlobalComponent",
        "body": [
            "   <div id=\"myApp\" style=\"text-align:center;\">",
            "       <testcomponent></testcomponent>",
            "   </div>",
            "   <script type=\"text/javascript\">",
            "   // =========== Create a new Global component ============",
            "   // When used in html : <testcomponent></testcomponent>",
            "   // The component name must be lowercoase",
            "   // The global component must be define at the top",
            "   Vue.component(\"testcomponent\", {",
            "      template: `",
            "         <div>Some Text here</div><br>",
            "         `",
            "   });",
            "   // =========== Create a new vueObj ===========",
            "   var vueApp = new Vue({",
            "      el: '#myApp',",
            "   });",
            "   console.log(vueApp);",
            "   "
        ],
        "description": "Vue define global Component Binding"
    },
    "Vue Method Binding": {
        "prefix": "jaVueMethod",
        "body": [
            "   <div id=\"myApp\" style=\"text-align:center;\">",
            "       <input type=\"text\" v-model=\"fullname\" /> <br /><br />",
            "       <h1>{{ getFullName() }}</h1>",
            "   </div>",
            "   <script type=\"text/javascript\">",
            "   // =========== Create a new vueObj ===========",
            "   var vueApp = new Vue({",
            "       el: '#myApp',",
            "       data: {",
            "           fullname: 'Andy Ng',",
            "       },",
            "       methods: {",
            "           getFullName : function () {",
            "           return this.fullname;",
            "       }",
            "    },",
            "",
            "   });",
            "   console.log(vueApp)",
            "   </script>"
        ],
        "description": "Vue Method Binding"
    },
    "Vue Computed Binding": {
        "prefix": "jaVueComputed",
        "body": [
            "   <div id=\"myApp\" style=\"text-align:center;\">",
            "      <input type=\"text\" v-model=\"getFullName2\" /> <br /><br />",
            "      <h1>{{ getFullName }}</h1>",
            "   </div>",
            "   <script type=\"text/javascript\">",
            "      // =========== Create a new vueObj ===========",
            "      var vueApp = new Vue({",
            "         el: '#myApp',",
            "         data: {",
            "            firstName: 'Andy',",
            "            lastName: 'Ng'",
            "         },",
            "         computed: {",
            "            getFullName: function () {",
            "               return this.firstName + \" \" + this.lastName;",
            "            },",
            "            getFullName2: {",
            "               get: function () {",
            "                  return this.firstName + \" \" + this.lastName;",
            "               },",
            "               set: function (name) {",
            "                  var fname = name.split(\" \");",
            "                  this.firstName = fname[0];",
            "                  this.lastName = fname[1]",
            "               }",
            "            },",
            "         },",
            "",
            "      });",
            "      console.log(vueApp)",
            "   </script>"
        ],
        "description": "Vue Computed Binding"
    },
    "Vue Event Binding": {
        "prefix": "jaVueEvent",
        "body": [
            "   <div id=\"myApp\" style=\"text-align:center;\">",
            "      <button v-on:mouseover=\"displaynumbers\">Click ME</button>",
            "      <button v-on:click=\"displaynumbers\">Click ME</button>",
            "      <button v-on:click.once=\"displaynumbers\">Click ME</button>",
            "      <button v-on:click.prevent=\"displaynumbers\">Click ME</button>",
            "      <button v-on:click.enter=\"displaynumbers\">Click ME</button>",
            "      <h2> Add Number 100 + 200 = {{total}}</h2>",
            "   </div>",
            "   <script type=\"text/javascript\">",
            "      // =========== Create a new vueObj ===========",
            "      var vueApp = new Vue({",
            "         el: '#myApp',",
            "         data: {",
            "            num1: 100,",
            "            num2: 200,",
            "            total: ''",
            "         },",
            "         methods: {",
            "            displaynumbers: function (event) {",
            "               console.log(event);",
            "               return this.total = this.num1 + this.num2;",
            "            }",
            "         },",
            "",
            "      });",
            "      console.log(vueApp)",
            "   </script>"
        ],
        "description": "Vue Event Binding"
    },
    "Vue Component (Local)": {
        "prefix": "jaVueComponentLocally",
        "body": [
            "   <div id=\"myApp\" style=\"text-align:center;\">",
            "      <testcomponent></testcomponent>",
            "   </div>",
            "   <script type=\"text/javascript\">",
            "      // =========== Create a new vueObj ===========",
            "      var vueApp = new Vue({",
            "         el: '#myApp',",
            "         // components(local) here are part of the vueApp",
            "         components: {",
            "            'testcomponent': {",
            "               template: '<div><h1>This is coming from component</h1></div>'",
            "            }",
            "         },",
            "      });",
            "      console.log(vueApp)",
            "   </script>"
        ],
        "description": "Vue Component (Local)"
    },
    "Vue For-Loop itemList": {
        "prefix": "jaVueForLoopItem",
        "body": [
            "v-for = \"(item, index) in itemList\" "
        ],
        "description": "Vue Component (Local)"
    },
    "Vue if-else condition": {
        "prefix": "jaVueIfElseItem",
        "body": [
            "<h1 v-if = \"show\">This is h1 tag</h1>",
            "<h2 v-else>This is h2 tag</h2>"
        ],
        "description": "Vue Component (Local)"
    },
    "Vue Filter": {
        "prefix": "jaVueFilter",
        "body": [
            "   <div id=\"myApp\" style=\"text-align:center;\">",
            "      <input v-model=\"name\" placeholder=\"Enter Name\" /><br />",
            "      <span style=\"font-size:25px;\"><b>Letter count is : {{ name | countLetters }}</b></span>",
            "   </div>",
            "   <script type=\"text/javascript\">",
            "",
            "      // =========== Create a new vueObj ===========",
            "      var vueApp = new Vue({",
            "         el: '#myApp',",
            "         // components(local) here are part of the vueApp",
            "         data: {",
            "            name: \"\"",
            "         },",
            "         filters: {",
            "            countLetters: function (value) {",
            "               return value.length;",
            "            }",
            "         }",
            "      });",
            "      console.log(vueApp)",
            "   </script>"
        ],
        "description": "Vue Component (Local)"
    },
    "Google Translate HTML": {
        "prefix": "jaGoogleTranslateHTML",
        "body": [
            "<div id=\"google_translate_element\"></div>",
            "<script type=\"text/javascript\">",
            "   function googleTranslateElementInit() {",
            "       new google.translate.TranslateElement({ pageLanguage: 'en' }, 'google_translate_element');",
            "   }",
            "</script>",
            "",
            "<script type=\"text/javascript\" src=\"//translate.google.com/translate_a/element.js?cb=googleTranslateElementInit\">",
            "</script>",
            ""
        ],
        "description": "Vue Component (Local)"
    },
    "Print HTML": {
        "prefix": "jaPrintHtmlPage",
        "body": [
            "<h4 onclick=\"window.print();\"> Print </h4>",
            "<style type=\"text/css\" media=\"print\">",
            "   @page",
            "   {",
            "       size: auto;   /* auto is the initial value */",
            "       margin: 0mm;  /* this affects the margin in the printer settings */",
            "       -webkit-print-color-adjust: exact;",
            "   }",
            "</style>"
        ],
        "description": "Print HTML"
    }
}