{
    // Place your snippets for javascript here. Each snippet is defined under a snippet name and has a prefix, body and 
    // description. The prefix is what is used to trigger the snippet and the body will be expanded and inserted. Possible variables are:
    // $1, $2 for tab stops, $0 for the final cursor position, and ${1:label}, ${2:another} for placeholders. Placeholders with the 
    // same ids are connected.
    // Example:
    // "Print to console": {
    // 	"prefix": "log",
    // 	"body": [
    // 		"console.log('$1');",
    // 		"$2"
    // 	],
    // 	"description": "Log output to console"
    // }
    "Print to console": {
        "prefix": "log",
        "body": [
            "console.log();"
        ],
        "description": "Log output to console"
    },
    "javascrpt http": {
        "prefix": "jaHttp",
        "body": [
            "const xmlHttp = new XMLHttpRequest();",
            "const url = \"http://127.0.0.1:8080/api/admin/store\";",
            "",
            "xmlHttp.onreadystatechange = function () {",
            "   if (xmlHttp.readyState == 4 && xmlHttp.status == 200) {",
            "       console.log(\"Success : \" + xmlHttp.responseText);",
            "   }else if (xmlHttp.readyState == 4 && xmlHttp.status != 200) {",
            "       console.log(\"failure : \" + xmlHttp.responseText);",
            "   }",
            "};",
            "xmlHttp.open(\"POST\", url, true);",
            "xmlHttp.setRequestHeader('APIKEY',this.apiKey);",
            "xmlHttp.send(JSON.stringify(sendData));",
        ],
        "description": "javascrpt http"
    },
    "javascrpt get URL parameter": {
        "prefix": "jaGetUrlParameter",
        "body": [
            "function getUrlParams() {",
            "    var vars = {};",
            "    var parts = window.location.href.replace(/[?&]+([^=&]+)=([^&]*)/gi, function (m, key, value) {",
            "        vars[key] = value;",
            "    });",
            "    return vars;",
            "}"
        ],
        "description": "javascrpt get URL parameter"
    },
    "React create new class": {
        "prefix": "jaReactComponent",
        "body": [
            "",
            "class ClassName extends React.Component {",
            "",
            "    render() {",
            "        return (",
            "            <button>",
            "                {this.props.value}",
            "            </button>",
            "        );",
            "    }",
            "}",
            "",
            "export default ClassName"
        ],
        "description": "React create new class"
    },
    "Create Node Server": {
        "prefix": "jaNodeHttpServer",
        "body": [
            "var http = require('http');",
            "var url = require('url');",
            "",
            "var server = http.createServer(function(req, res) {",
            "",
            "//http://localhost:8080/?year=2017&month=July",
            "//2017 July ",
            "res.writeHead(200, { 'Content-Type': 'text/html' });",
            "var q = url.parse(req.url, true).query;",
            "var txt = q.year + \" \" + q.month;",
            "res.end(txt);",
            "",
            "});",
            "",
            "server.listen(6868);",
            "",
            "console.log(\"Server start\");",
        ],
        "description": "React create new class"
    },
    "Create File and delete file": {
        "prefix": "jaNodeFile",
        "body": [
            "var fs = require('fs');",
            "",
            "fs.appendFile('result.txt', 'Hello content!\n', function(err) {",
            "if (err) throw err;",
            "console.log('Saved!');",
            "});",
            "",
            "fs.unlink('mynewfile2.txt', function (err) {",
            "if (err) throw err;",
            "console.log('File deleted!');",
            "});",
        ],
        "description": "Create File and delete file"
    },
    "NodeJs Http GET": {
        "prefix": "jaNodeHttpGet",
        "body": [
            "https.get('https://api.coinbase.com/v2/prices/spot?currency=USD', (resp) => {",
            "    let data = '';",
            "    ",
            "    // A chunk of data has been recieved.",
            "    resp.on('data', (chunk) => {",
            "        data += chunk;",
            "   });",
            "    ",
            "    // The whole response has been received. Print out the result.",
            "    resp.on('end', () => {",
            "        //console.log(data);",
            "        onSuccess(data)",
            "    });",
            "   ",
            "}).on(\"error\", (err) => {",
            "    console.log(\"Error: \" + err.message);",
            "});",

        ],
        "description": "NodeJs Http GET"
    },











}