{
    // Place your snippets for typescript here. Each snippet is defined under a snippet name and has a prefix, body and 
    // description. The prefix is what is used to trigger the snippet and the body will be expanded and inserted. Possible variables are:
    // $1, $2 for tab stops, $0 for the final cursor position, and ${1:label}, ${2:another} for placeholders. Placeholders with the 
    // same ids are connected.
    // Example:
    "Print to console log": {
        "prefix": "log",
        "body": [
            "console.log();"
        ],
        "description": "Log output to console"
    },
    "Angular Ok Dialog": {
        "prefix": "jaOkDialog",
        "body": [
            "this.dialogService.open(InfoDialogComponent, {",
            "    context: {",
            "        title: \"Account Name\",",
            "        body: \"The account name can not be empty!\"",
            "    },",
            "    closeOnBackdropClick: false,",
            "});",
        ],
        "description": "Log output to console"
    },
    "Angular Dialog": {
        "prefix": "jaNgConfirmationDialog",
        "body": [
            "this.dialogService.open(ConfirmationDialogComponent,{",
            "    context: {",
            "      title: 'Andy : This is a title passed to the dialog component',",
            "          body: \"This is body text\",",
            "          onYesClickedCallback:()=>{",
            "            console.log(\"Yes\");",
            "          }",
            "        },",
            "        closeOnBackdropClick: false,",
            "});",
        ],
        "description": "Log output to console"
    },
    "Angular Select": {
        "prefix": "jaNgSelectForLoop",
        "body": [
            "<nb-select [selected]=\"currentTheme\" (selectedChange)=\"changeTheme($event)\" status=\"primary\">",
            "    <nb-option *ngFor=\"let theme of themes\" [value]=\"theme.value\"> {{ theme.name }}</nb-option>",
            "</nb-select>",
        ],
        "description": "Log output to console"
    },
    "javascript http": {
        "prefix": "jaHttp",
        "body": [
            "const xmlHttp = new XMLHttpRequest();",
            "const url = \"http://127.0.0.1:8080/api/admin/store\";",
            "",
            "xmlHttp.onreadystatechange = function () {",
            "   if (xmlHttp.readyState == 4 && xmlHttp.status == 200) {",
            "       console.log(\"Success : \" + xmlHttp.responseText);",
            "   }else if (xmlHttp.readyState == 4 && xmlHttp.status != 200) {",
            "       console.log(\"failure : \" + xmlHttp.responseText);",
            "   }",
            "};",
            "xmlHttp.open(\"POST\", url, true);",
            "xmlHttp.setRequestHeader('APIKEY',this.apiKey);",
            "xmlHttp.send(JSON.stringify(sendData));",
        ],
        "description": "javascrpt http"
    },
    "javascrpt get URL parameter": {
        "prefix": "jaGetUrlParameter",
        "body": [
            "function getUrlParams() {",
            "    var vars = {};",
            "    var parts = window.location.href.replace(/[?&]+([^=&]+)=([^&]*)/gi, function (m, key, value) {",
            "        vars[key] = value;",
            "    });",
            "    return vars;",
            "}"
        ],
        "description": "javascrpt get URL parameter"
    },
    "Load file from resouse": {
        "prefix": "cocoLoadFile",
        "body": [
            "cc.loader.loadRes(\"item/5\", cc.SpriteFrame, function (err, spriteFrame) {",
            "\tsprite.getComponent(cc.Sprite).spriteFrame = spriteFrame;",
            "});",
            "cc.loader.loadRes(\"\", function (err, file) {",
            "\tcc.log(file.text);",
            "});",
        ],
        "description": "Log output to console"
    },
    "Cocos Life cycle": {
        "prefix": "cocoLifeCycle",
        "body": [
            "onLoad () {",
            "\tconsole.log(\"Game : onLoad()\");",
            "}",
            "",
            "start () {",
            "\tconsole.log(\"Game : start()\");",
            "}",
            "",
            "onEnable() {",
            "\tconsole.log(\"Game : onEnable()\");",
            "}",
            "",
            "onDisable(){",
            "\tconsole.log(\"Game : onDisable()\");",
            "}",
            "",
            "update (dt) {",
            "",
            "}",
            "",
            "onDestroy(){",
            "\tconsole.log(\"Game : onDestroy()\");",
            "}",
        ],
        "description": "Log output to console"
    },
    "Print to console": {
        "prefix": "log",
        "body": [
            "MyConsole.log('$1');"
        ],
        "description": "Log output to console"
    },
    "Http request (Observer)": {
        "prefix": "i3-http-request",
        "body": [
            "// Http Injection",
            "public http: Http",
            "",
            "let headers: any = {",
            "   'Content-Type':'text/plain',",
            "   //'Content-Type': 'application/json',",
            "};",
            "",
            "let options = new RequestOptions({",
            "   method: 'POST',",
            "   headers: headers,",
            "   body: 'String Text'",
            "});",
            "",
            "this.http.request('http://api.cyberoid.com', options).subscribe(",
            "(response: Response) => {",
            "   // Successful result",
            "   this.myConsole.log(\"response:\");",
            "   this.myConsole.log(response.json());",
            "},",
            "(error: any) => {",
            "   // Failure result",
            "   this.myConsole.log('Error Http');",
            "   this.myConsole.log(error);",
            "}",
            ");",
            ""
        ],
        "description": "Log output to console"
    },
    "Ionic 3 Action Sheet": {
        "prefix": "i3-action-sheet",
        "body": [
            "import { ActionSheetController } from 'ionic-angular';",
            "export class MyPage {",
            "constructor(  public actionSheetCtrl: ActionSheetController  ) {}",
            "",
            "presentActionSheet() {",
            "    let actionSheet = this.actionSheetCtrl.create({",
            "        title: 'Modify your album',",
            "        buttons: [{",
            "            text: 'Destructive',",
            "            role: 'destructive',",
            "            handler: () => {",
            "                this.myConsole.log('Destructive clicked');",
            "            }",
            "        }, {",
            "            text: 'Archive',",
            "            handler: () => {",
            "                this.myConsole.log('Archive clicked');",
            "            }",
            "        }, {",
            "            text: 'Cancel',",
            "            role: 'cancel',",
            "            handler: () => {",
            "                this.myConsole.log('Cancel clicked');",
            "            }",
            "        }]",
            "    });",
            "    actionSheet.present();",
            "}",
            "}",
            "$2"
        ],
        "description": "ionic 3 Action Sheet"
    },
    "Ionic 3 Basic Alert": {
        "prefix": "i3-alert-basic",
        "body": [
            "import { AlertController } from '@ionic/angular';",
            "",
            "  export class MyPage {",
            "    constructor(  public alertCtrl: AlertController  ) {",
            "  }",
            "",
            "async showAlert() {",
            "    let alert = await this.alertCtrl.create({",
            "      header: 'New Friend!',",
            "      message: 'Your friend, Obi wan Kenobi, just accepted your friend request!',",
            "      buttons: ['OK']",
            "    });",
            "    alert.present();",
            "  }",
            "}",
            "$2"
        ],
        "description": "Ionic 3 Basic Alert"
    },
    "Ionic 3 Prompt Alerts": {
        "prefix": "i3-alert-prompt",
        "body": [
            "import { AlertController } from 'ionic-angular';",
            "",
            "export class MyPage {",
            "  constructor(  public alertCtrl: AlertController  ) {",
            "  }",
            "",
            "  showPrompt() {",
            "    let prompt = this.alertCtrl.create({",
            "      title: 'Login',",
            "      message: \"Enter a name for this new album you're so keen on adding\",",
            "      inputs: [",
            "        {",
            "          name: 'title',",
            "          placeholder: 'Title'",
            "          value : ''",
            "        },",
            "      ],",
            "      buttons: [",
            "        {",
            "          text: 'Cancel',",
            "          handler: data => {",
            "            this.myConsole.log('Cancel clicked');",
            "          }",
            "        },",
            "        {",
            "          text: 'Save',",
            "          handler: data => {",
            "            this.myConsole.log('Saved clicked, input : ' + data['title']);",
            "          }",
            "        }",
            "      ]",
            "    });",
            "    prompt.present();",
            "  }",
            "}",
            "$2"
        ],
        "description": "Ionic 3 Prompt Alerts"
    },
    "Ionic 3 Alerts Confirmation": {
        "prefix": "i3-alert-comfirmation",
        "body": [
            "import { AlertController } from 'ionic-angular';",
            "",
            "export class MyPage {",
            "  constructor(  public alertCtrl: AlertController  ) {",
            "  }",
            "",
            "asyc  showConfirm() {",
            "    let confirm = await this.alertCtrl.create({",
            "      header: 'Use this lightsaber?',",
            "      message: 'Are you sure you want to do this?',",
            "      buttons: [",
            "        {",
            "          text: 'Disagree',",
            "          handler: () => {",
            "            this.myConsole.log('Disagree clicked');",
            "          }",
            "        },",
            "        {",
            "          text: 'Agree',",
            "          handler: () => {",
            "            this.myConsole.log('Agree clicked');",
            "          }",
            "        }",
            "      ]",
            "    });",
            "    await confirm.present();",
            "  }",
            "$2"
        ],
        "description": "Ionic 3 Alerts Confirmation"
    },
    "Ionic 3 Toast": {
        "prefix": "i3-toast",
        "body": [
            "import { ToastController } from 'ionic-angular';",
            "constructor(  public toastCtrl: ToastController  ) { }",
            "",
            " showToast() {",
            "    let toast = this.toastCtrl.create({",
            "       message: 'Mmmm, buttered toast',",
            "       duration: 2000,",
            "       position: 'top'",
            "       //position : top, middle, bottom.",
            "       //showCloseButton: true,",
            "       //closeButtonText: 'Ok'",
            "    });",
            "    toast.present();",
            "}",
            "$2"
        ],
        "description": "position : top,middle,bottom,"
    },
    "Ionic 3 Loading": {
        "prefix": "i3-loading",
        "body": [
            "import { LoadingController } from '@ionic/angular';",
            "",
            "constructor(  public loadingCtrl: LoadingController ) { }",
            "",
            "public loading: HTMLIonLoadingElement;",
            "",
            "async private presentLoading() {",
            "    this.loading = await this.loadingCtrl.create({",
            "      message: \"Please wait...\",",
            "      duration: 3000",
            "    });",
            "    await this.loading.present();",
            "const { role, data } = await loading.onDidDismiss();",
            "console.log(\"Loading dismissed!\");",
            "  }",
            "$2"
        ],
        "description": "Ionic 3 Loading"
    },
    "Ionic 3 FCM Get Token": {
        "prefix": "i3-fcm-get-token",
        "body": [
            "fcm.getToken().then(token=>{",
            "  backend.registerToken(token);",
            "});",
            "",
            "$2"
        ],
        "description": "Ionic 3 FCM Get Token"
    },
    "Ionic 3 FCM Subscribe Websocket": {
        "prefix": "i3-fcm-subscribe-websocket",
        "body": [
            "fcm.onNotification().subscribe(data=>{",
            "  if(data.wasTapped){",
            "    this.myConsole.log(\"Received in background\");",
            "  } else {",
            "    this.myConsole.log(\"Received in foreground\");",
            "  };",
            "});",
            "$2"
        ],
        "description": "Ionic 3 FCM Subscribe Websocket"
    },
    "Ionic 3 Call Number": {
        "prefix": "i3-call-number",
        "body": [
            "import { CallNumber } from '@ionic-native/call-number';",
            "",
            "constructor(private callNumber: CallNumber) { }",
            "",
            "this.callNumber.callNumber(\"18001010101\", true)",
            "  .then(() => this.myConsole.log('Launched dialer!'))",
            "  .catch(() => this.myConsole.log('Error launching dialer'));",
            "$2"
        ],
        "description": "Ionic 3 Call Number"
    },
    "Ionic 3 Timer": {
        "prefix": "i3-timer",
        "body": [
            "import { Observable, Subscription } from 'rxjs/Rx';",
            "",
            "private timer;",
            "private timerSubscription: Subscription;",
            "",
            " createNewTimer(){",
            "   //start after 5 second and repeat every 0.5 seconds",
            "    this.timer = Observable.timer(5000,500);",
            "    // subscribing to a observable returns a subscription object",
            "    // t is tinker 0,1,2,3...",
            "    this.timerSubscription = this.timer.subscribe(",
            "      t => this.tickerFunc(t)",
            "  );",
            "}",
            "",
            "tickerFunc(t){",
            "    this.myConsole.log(t);",
            "  }",
            "",
            "  ionViewWillLeave(){",
            "    // unsubscribe here",
            "    this.timerSubscription.unsubscribe();",
            "  }",
            "$2"
        ],
        "description": "Ionic 3 Timer"
    },
    "Ionic 3 JsonHttpRequest": {
        "prefix": "i3-http-request",
        "body": [
            "    let sendURL = 'http://www.google.com';",
            "    let bodyData = {",
            "      \"param1\": \"value1\",",
            "      \"param2\": \"value2\"",
            "    };",
            "",
            "    let headers = {",
            "      'Content-Type': 'application/json',",
            "      'Accept': 'application/json',",
            "      'Authorization': \"key=\"",
            "    };",
            "    this.webService.httpJsonRequest(sendURL, bodyData, 'POST', headers)",
            "      .subscribe(",
            "      (result) => {",
            "        this.myConsole.log(result);",
            "      },",
            "      (error) => {",
            "        this.myConsole.log(error);",
            "      }",
            "      );",
            "$2"
        ],
        "description": "Ionic 3 JsonHttpRequest"
    },
    "Typescript singleton": {
        "prefix": "i3-singleton",
        "body": [
            "   export class CompanyModelClass {",
            "",
            "   private static _instance: CompanyModelClass = new CompanyModelClass();",
            "",
            "   public static getInstance(): CompanyModelClass {",
            "       return CompanyModelClass._instance;",
            "   }",
            "}",
            "",
            ""
        ],
        "description": "Typescript Singleton"
    },
    "Typescript MultiOrm Response": {
        "prefix": "i3-multiOrm-responseData",
        "body": [
            "this.multiORMService.callWebAPI().subscribe(",
            "(response: Response) => {",
            "   // Successful result",
            "   this.myConsole.log(\"response:\");",
            "   this.myConsole.log(response.json());",
            "if (response.json() == null) {",
            "    this.myConsole.log(\"Not Found!\");",
            "    return;",
            "}",
            "if(response.json()['query-0'] != null){",
            "   let responseObjects: any[] = response.json()['query-0'] as any[];",
            "",
            "   if (responseObjects.length <= 0) {",
            "       this.myConsole.log('Empty Data!');",
            "   }else{",
            "       let user : UserModel = responseObjects[0] as UserModel;",
            "   }",
            "}",
            "",
            "},",
            "(error: any) => {",
            "   // Failure result",
            "   this.myConsole.log('Error Http');",
            "   this.myConsole.log(error);",
            "}",
            ");",
            ""
        ],
        "description": "Typescript MultiOrm Response"
    },
    "Typescript popover": {
        "prefix": "i3-popover",
        "body": [
            "import { PopoverController } from 'ionic-angular';",
            "",
            "constructor(public popoverCtrl: PopoverController) ",
            "",
            "",
            "  presentPopover() {",
            "    let popover = this.popoverCtrl.create(MyPopOverPage);",
            "    popover.present();",
            "  }"
        ],
        "description": "Typescript popover Response"
    },
    "Typescript modal": {
        "prefix": "i3-modal",
        "body": [
            "import { ModalController } from 'ionic-angular';",
            "",
            "constructor(public modalCtrl: ModalController)",
            "",
            "presentModal() {",
            "   let modal = this.modalCtrl.create(ModalPage);",
            "   modal.present();",
            "}",
            ""
        ],
        "description": "Typescript modal Response"
    },
    "Typescript Nav Page": {
        "prefix": "i3-nav-page",
        "body": [
            "let params: any = {",
            "   'taskItem': item",
            "};",
            "this.navCtrl.push(AnotherPage, params);"
        ],
        "description": "Typescript navigate to another page"
    },
    "Typescript Read txt/CSV/other Files": {
        "prefix": "i3-file-upload",
        "body": [
            "private isFileListennerAdded :boolean = false;",
            "// add this function to the button",
            "addListenerToFileButton() {",
            "   ",
            "   if(this.isFileListennerAdded == true){",
            "       return;",
            "   }",
            "   this.isFileListennerAdded = true;",
            "   ",
            "   // create a File Event Listenner",
            "   let fileEventListenner = (evt: any) => {",
            "       let files: FileList = evt.target.files;",
            "       this.myConsole.log('upload file selected');",
            "       if (files[0].type == 'text/csv') {",
            "           this.myConsole.log('Filename : ' + files[0].name);",
            "           let reader = new FileReader();",
            "           reader.onload = (e: any) => {",
            "               this.myConsole.log('File Result : ' + e.target.result);",
            "               // Read whole Text",
            "               this.readText = e.target.result;",
            "               // split out to line by line",
            "               let lines: string[] = this.readText.split('\\r');",
            "           };",
            "           // Start Read the file.",
            "           reader.readAsText(files[0]);",
            "       } else {",
            "           this.readText = '';",
            "           this.showToastMessage(\"File type was wrong!\");",
            "       }",
            "   }",
            "",
            "   document.getElementById('files').addEventListener('change', fileEventListenner, false);",
            "}"
        ],
        "description": "Typescript Read txt/CSV/other Files"
    },
    "Use javascript to download file.": {
        "prefix": "i3-file-download-javascript",
        "body": [
            "this.myFileService.downloadFile('filename.txt', 'File content put here');"
        ],
        "description": "Use javascript to download file."
    },
    "Use HTML Link to download file.": {
        "prefix": "i3-file-download-html",
        "body": [
            "this.assetTemplateURL = this.appConfigService.url + \"/assets/download/template.csv\";",
            "// copy the HTML code into the HTML-Template",
            "<a href=\"{{ assetTemplateURL }}\" title=\"Download File\" ion-button small outline>",
            "   <ion-icon name=\"cloud-download\"></ion-icon> Download",
            "</a>"
        ],
        "description": "Use HTML Link to download file."
    },
    "javascrpt http": {
        "prefix": "i3-javascript-http",
        "body": [
            "const xmlHttp = new XMLHttpRequest();",
            "const url = \"http://127.0.0.1:8080/api/admin/store\";",
            "",
            "xmlHttp.onreadystatechange = () => {",
            "   if (xmlHttp.readyState == 4 && xmlHttp.status == 200) {",
            "       console.log(\"Success : \" + xmlHttp.responseText);",
            "   }else if (xmlHttp.readyState == 4 && xmlHttp.status != 200) {",
            "       console.log(\"failure : \" + xmlHttp.responseText);",
            "   }",
            "};",
            "xmlHttp.open(\"POST\", url, true);",
            "xmlHttp.setRequestHeader('APIKEY',this.apiKey);",
            "xmlHttp.send(JSON.stringify(sendData));",
        ],
        "description": "javascrpt http"
    },
    "my http encoded": {
        "prefix": "i3-my-http-encoded",
        "body": [
            "let url: string = this.appConfigService.url + 'api/replace-post-content';",
            "",
            "this.myHttpRequestService.request(url, JSON.stringify(this.replacePostContent))",
            ".subscribe(",
            "   (response: Response) => {",
            "       // Successful result",
            "       this.myConsole.log(\"myHttpRequestService response:\");",
            "       this.myConsole.log(response)",
            "",
            "   },",
            "   (error: any) => {",
            "       // Failure result",
            "       this.myConsole.log('myHttpRequestService Error Http');",
            "       this.myConsole.log(error);",
            "   }",
            ");",
        ],
        "description": "javascrpt http"
    },
    "select option": {
        "prefix": "i3-select-option",
        "body": [
            "<select [(ngModel)]=\"pageLimit\" class=\"cyberiod-select-page-number\" (change)=\"changePageLimit($event.target.value)\">",
            "<option *ngFor=\"let item of tableOptions\" [value]=\"item\" >{{ item }}</option>",
            "</select>"
        ],
        "description": "select option"
    },
    "cocos - new class file": {
        "prefix": "cocoNewClassFile",
        "body": [
            "const { ccclass, property } = cc._decorator;",
            "",
            "@ccclass",
            "export default class Game extends cc.Component {",
            "",
            "    @property(cc.Label)",
            "    labelGoldCoin: cc.Label = null;",
            "",
            "    @property(cc.Label)",
            "    labelGoldPig: cc.Label = null;",
            "",
            "",
            "    onLoad() {",
            "        console.log(\"Game : onLoad()\");",
            "",
            "    }",
            "",
            "    onEnable() {",
            "        console.log(\"Game : onEnable()\");",
            "    }",
            "",
            "    start() {",
            "        console.log(\"Game : start()\");",
            "    }",
            "",
            "    update() {",
            "",
            "    }",
            "",
            "    onDestroy() {",
            "         console.log(\"Game : onDestroy()\");",
            "    }",
            "",
            "",
            "}",
        ]
    },
    "cocos - keyboard Event": {
        "prefix": "cocoKeyboardEvent",
        "body": [
            "cc.systemEvent.on(cc.SystemEvent.EventType.KEY_DOWN, this.onKeyDown, this);",
        ]
    },
    "cocos - keyboard Event callback function": {
        "prefix": "cocoKeyboardEventCallBackFunction",
        "body": [
            "onKeyDown(event: KeyboardEvent){",
            "    switch (event.keyCode) {",
            "        case cc.macro.KEY.a:",
            "",
            "            break;",
            "",
            "        default:",
            "           break;",
            "    }",
            "}",
        ]
    },
    "cocos - Get the screen size": {
        "prefix": "cocoScreenSize",
        "body": [
            "cc.view.getFrameSize().width;",
        ]
    },
    "cocos - create new node from prefeb": {
        "prefix": "cocoCreateNewNodeFromPrefeb",
        "body": [
            "let currentScene : cc.Scene = cc.director.getScene();",
            "let newMonster : cc.Node = cc.instantiate(this.monster);",
            "newMonster.setParent(currentScene);",
            "newMonster.getComponent(cc.Animation).play();"
        ]
    },
    "cocos - create new Timer": {
        "prefix": "cocoTimer",
        "body": [
            "let myInterval = setInterval(this.callBack,1000)",
            "clearInterval(myInterval);",
            "",
            "let myTimeOut = setTimeout(() => {",
            "    console.log(\"Timer : \" + (new Date()));",
            "}, 5000);",
            "clearTimeout(myTimeOut);",
            "=============Cocos Timer===========",
            "// interval : 2 seconds, start after 1 second",
            "this.schedule(this.createMonster,2,cc.macro.REPEAT_FOREVER,1);"
        ]
    },
    "cocos - create Action": {
        "prefix": "cocoActionRepeat",
        "body": [
            "let actionInitCloudPosition = cc.moveTo(0,cc.v2(-20,100));",
            "let actionMoveCloud = cc.moveTo(5,cc.v2(0,100));",
            "let actionMoveSequence = cc.sequence(actionInitCloudPosition,actionMoveCloud,cc.callFunc(this.finishFunction,this));",
            "let actionMoveForever = cc.repeatForever(actionMoveSequence);",
            "this.cloud01.runAction(actionMoveForever);",
            ""
        ]
    },
    "cocos - Add mouse event": {
        "prefix": "cocoMouseEvent",
        "body": [
            "this.node.on(cc.Node.EventType.MOUSE_DOWN,this.mouseDouwnEvent,this);",
            ""
        ]
    },
    "cocos - interface call back": {
        "prefix": "cocoInterefaceCallBack",
        "body": [
            "// Define the callback variable on the class,",
            "public myCallBack : () => void;",
            "// Callback function on another class",
            "public myCallBack(){",
            "    console.log(\"success\");",
            "",
            "}",
        ]
    },
    "cocos - function callback with parameters": {
        "prefix": "cocoFunctionCallBackWithParameters",
        "body": [
            "newMonster.on(cc.Node.EventType.MOUSE_DOWN, () => {",
            "    return myGame.onMonsterClicked(newMonster.getComponent(Monster))",
            "},myGame);",
            "}",
        ]
    },
    "cocos - Local Storage save data": {
        "prefix": "cocoLocalStorageSaveData",
        "body": [
            "cc.sys.localStorage.setItem(\"score\",myGame.player.score);"
        ]
    },
    "cocos - Local Storage get data": {
        "prefix": "cocoLocalStorageGetData",
        "body": [
            "let score = cc.sys.localStorage.getItem(\"score\");"
        ]
    },
    "cocos - open share link": {
        "prefix": "cocoOpenShareLink",
        "body": [
            "cc.sys.openURL(ShareLink.getFabookSimpleShareLink());"
        ]
    },
    "cocos - admos ads": {
        "prefix": "cocoAdmodAds",
        "body": [
            "if(cc.sys.isMobile) {",
            "    //cc.sys.os",
            "    sdkbox.PluginAdMob.init();",
            "    sdkbox.PluginAdMob.cache('gameover');",
            "    sdkbox.PluginAdMob.show('gameover');",
            "}"
        ]
    },
    "cocos - javascrpt http": {
        "prefix": "cocoHttpJavascriptWay",
        "body": [
            "const xmlHttp = new XMLHttpRequest();",
            "const url = \"http://127.0.0.1:8080/api/admin/store\";",
            "",
            "xmlHttp.onreadystatechange = () => {",
            "   if (xmlHttp.readyState == 4 && xmlHttp.status == 200) {",
            "       console.log(\"Success : \" + xmlHttp.responseText);",
            "   }else if (xmlHttp.readyState == 4 && xmlHttp.status != 200) {",
            "       console.log(\"failure : \" + xmlHttp.responseText);",
            "   }",
            "};",
            "xmlHttp.open(\"POST\", url, true);",
            "xmlHttp.setRequestHeader('APIKEY',this.apiKey);",
            "xmlHttp.send(JSON.stringify(sendData));",
        ],
        "description": "javascrpt http"
    },
    "cocos - raw asset": {
        "prefix": "cocoRawAsset",
        "body": [
            "let localUrl = cc.url.raw(\"web/index.html\");",
        ],
        "description": "javascrpt http"
    },
    "cocos - load scene": {
        "prefix": "cocoLoadScene",
        "body": [
            "// Preload the scene",
            "cc.director.preloadScene(\"game\", function () {",
            "   cc.log(\"Next scene preloaded\");",
            "});",
            "// Call this at any time",
            "cc.director.loadScene(\"game\");",
        ],
        "description": "javascrpt http"
    },
    "cocos - Singleton": {
        "prefix": "cocoSingleton",
        "body": [
            "private static _instance: $1 = new $1();",
            "",
            "public static getInstance(): $1 {",
            "   return $1._instance;",
            "}",
        ],
        "description": "javascrpt http"
    },
    "cocos - Mouse Down Event": {
        "prefix": "cocoMouseDown",
        "body": [
            "node.on(cc.Node.EventType.MOUSE_DOWN, function (event) {",
            "   console.log('Mouse down');",
            "}, this);",
        ],
        "description": "javascrpt http"
    },
    "Multi ORM Call": {
        "prefix": "jaMultiOrm",
        "body": [
            "let multiORM = MultiORM.getInstance();",
            "multiORM.newQuery(\"create\")",
            "   .table(TableName.Budget)",
            "    .insertGetId(budget);",
            "",
            "multiORM.callWebAPI((xmlHttp: XMLHttpRequest) => {",
            "let result = xmlHttp.responseText;",
            "if(result == \"-1\"){",
            "   return;",
            "}",
            "let data = JSON.parse(result);",
            "",
            "}, (xmlHttp: XMLHttpRequest) => {",
            "   console.log(xmlHttp.responseText);",
            "},false);",
        ],
        "description": "Multi ORM Call"
    },
    "Http Post": {
        "prefix": "jaHttpPost",
        "body": [
            "const httpPost = new HttpPost();",
            "httpPost.request(",
            "FunctionName.API_ORM,",
            "object,",
            "(xmlHttp: XMLHttpRequest) => {",
            "   let result = xmlHttp.responseText;",
            "},",
            "(xmlHttp: XMLHttpRequest) => {",
            "   let error = xmlHttp.responseText;",
            "},",
            "false",
            ");",
        ],
        "description": "Multi ORM Call"
    },
}