<application>
  <component name="ProjectJdkTable">
    <jdk version="2">
      <name value="11" />
      <type value="JavaSDK" />
      <version value="version 11.0.10" />
      <homePath value="$APPLICATION_HOME_DIR$/jre/Contents/Home" />
      <roots>
        <annotationsPath>
          <root type="composite">
            <root url="jar://$APPLICATION_HOME_DIR$/plugins/java/lib/jdkAnnotations.jar!/" type="simple" />
          </root>
        </annotationsPath>
        <classPath>
          <root type="composite">
            <root url="jrt:///Applications/Android Studio.app/Contents/jre/Contents/Home!/java.base" type="simple" />
            <root url="jrt:///Applications/Android Studio.app/Contents/jre/Contents/Home!/java.compiler" type="simple" />
            <root url="jrt:///Applications/Android Studio.app/Contents/jre/Contents/Home!/java.datatransfer" type="simple" />
            <root url="jrt:///Applications/Android Studio.app/Contents/jre/Contents/Home!/java.desktop" type="simple" />
            <root url="jrt:///Applications/Android Studio.app/Contents/jre/Contents/Home!/java.instrument" type="simple" />
            <root url="jrt:///Applications/Android Studio.app/Contents/jre/Contents/Home!/java.logging" type="simple" />
            <root url="jrt:///Applications/Android Studio.app/Contents/jre/Contents/Home!/java.management" type="simple" />
            <root url="jrt:///Applications/Android Studio.app/Contents/jre/Contents/Home!/java.management.rmi" type="simple" />
            <root url="jrt:///Applications/Android Studio.app/Contents/jre/Contents/Home!/java.naming" type="simple" />
            <root url="jrt:///Applications/Android Studio.app/Contents/jre/Contents/Home!/java.net.http" type="simple" />
            <root url="jrt:///Applications/Android Studio.app/Contents/jre/Contents/Home!/java.prefs" type="simple" />
            <root url="jrt:///Applications/Android Studio.app/Contents/jre/Contents/Home!/java.rmi" type="simple" />
            <root url="jrt:///Applications/Android Studio.app/Contents/jre/Contents/Home!/java.scripting" type="simple" />
            <root url="jrt:///Applications/Android Studio.app/Contents/jre/Contents/Home!/java.se" type="simple" />
            <root url="jrt:///Applications/Android Studio.app/Contents/jre/Contents/Home!/java.security.jgss" type="simple" />
            <root url="jrt:///Applications/Android Studio.app/Contents/jre/Contents/Home!/java.security.sasl" type="simple" />
            <root url="jrt:///Applications/Android Studio.app/Contents/jre/Contents/Home!/java.smartcardio" type="simple" />
            <root url="jrt:///Applications/Android Studio.app/Contents/jre/Contents/Home!/java.sql" type="simple" />
            <root url="jrt:///Applications/Android Studio.app/Contents/jre/Contents/Home!/java.sql.rowset" type="simple" />
            <root url="jrt:///Applications/Android Studio.app/Contents/jre/Contents/Home!/java.transaction.xa" type="simple" />
            <root url="jrt:///Applications/Android Studio.app/Contents/jre/Contents/Home!/java.xml" type="simple" />
            <root url="jrt:///Applications/Android Studio.app/Contents/jre/Contents/Home!/java.xml.crypto" type="simple" />
            <root url="jrt:///Applications/Android Studio.app/Contents/jre/Contents/Home!/jdk.accessibility" type="simple" />
            <root url="jrt:///Applications/Android Studio.app/Contents/jre/Contents/Home!/jdk.aot" type="simple" />
            <root url="jrt:///Applications/Android Studio.app/Contents/jre/Contents/Home!/jdk.attach" type="simple" />
            <root url="jrt:///Applications/Android Studio.app/Contents/jre/Contents/Home!/jdk.charsets" type="simple" />
            <root url="jrt:///Applications/Android Studio.app/Contents/jre/Contents/Home!/jdk.compiler" type="simple" />
            <root url="jrt:///Applications/Android Studio.app/Contents/jre/Contents/Home!/jdk.crypto.cryptoki" type="simple" />
            <root url="jrt:///Applications/Android Studio.app/Contents/jre/Contents/Home!/jdk.crypto.ec" type="simple" />
            <root url="jrt:///Applications/Android Studio.app/Contents/jre/Contents/Home!/jdk.dynalink" type="simple" />
            <root url="jrt:///Applications/Android Studio.app/Contents/jre/Contents/Home!/jdk.hotspot.agent" type="simple" />
            <root url="jrt:///Applications/Android Studio.app/Contents/jre/Contents/Home!/jdk.httpserver" type="simple" />
            <root url="jrt:///Applications/Android Studio.app/Contents/jre/Contents/Home!/jdk.internal.ed" type="simple" />
            <root url="jrt:///Applications/Android Studio.app/Contents/jre/Contents/Home!/jdk.internal.jvmstat" type="simple" />
            <root url="jrt:///Applications/Android Studio.app/Contents/jre/Contents/Home!/jdk.internal.le" type="simple" />
            <root url="jrt:///Applications/Android Studio.app/Contents/jre/Contents/Home!/jdk.internal.opt" type="simple" />
            <root url="jrt:///Applications/Android Studio.app/Contents/jre/Contents/Home!/jdk.internal.vm.ci" type="simple" />
            <root url="jrt:///Applications/Android Studio.app/Contents/jre/Contents/Home!/jdk.internal.vm.compiler" type="simple" />
            <root url="jrt:///Applications/Android Studio.app/Contents/jre/Contents/Home!/jdk.internal.vm.compiler.management" type="simple" />
            <root url="jrt:///Applications/Android Studio.app/Contents/jre/Contents/Home!/jdk.jartool" type="simple" />
            <root url="jrt:///Applications/Android Studio.app/Contents/jre/Contents/Home!/jdk.javadoc" type="simple" />
            <root url="jrt:///Applications/Android Studio.app/Contents/jre/Contents/Home!/jdk.jdeps" type="simple" />
            <root url="jrt:///Applications/Android Studio.app/Contents/jre/Contents/Home!/jdk.jdi" type="simple" />
            <root url="jrt:///Applications/Android Studio.app/Contents/jre/Contents/Home!/jdk.jdwp.agent" type="simple" />
            <root url="jrt:///Applications/Android Studio.app/Contents/jre/Contents/Home!/jdk.jfr" type="simple" />
            <root url="jrt:///Applications/Android Studio.app/Contents/jre/Contents/Home!/jdk.jlink" type="simple" />
            <root url="jrt:///Applications/Android Studio.app/Contents/jre/Contents/Home!/jdk.jsobject" type="simple" />
            <root url="jrt:///Applications/Android Studio.app/Contents/jre/Contents/Home!/jdk.localedata" type="simple" />
            <root url="jrt:///Applications/Android Studio.app/Contents/jre/Contents/Home!/jdk.management" type="simple" />
            <root url="jrt:///Applications/Android Studio.app/Contents/jre/Contents/Home!/jdk.management.agent" type="simple" />
            <root url="jrt:///Applications/Android Studio.app/Contents/jre/Contents/Home!/jdk.management.jfr" type="simple" />
            <root url="jrt:///Applications/Android Studio.app/Contents/jre/Contents/Home!/jdk.naming.dns" type="simple" />
            <root url="jrt:///Applications/Android Studio.app/Contents/jre/Contents/Home!/jdk.naming.rmi" type="simple" />
            <root url="jrt:///Applications/Android Studio.app/Contents/jre/Contents/Home!/jdk.net" type="simple" />
            <root url="jrt:///Applications/Android Studio.app/Contents/jre/Contents/Home!/jdk.pack" type="simple" />
            <root url="jrt:///Applications/Android Studio.app/Contents/jre/Contents/Home!/jdk.scripting.nashorn" type="simple" />
            <root url="jrt:///Applications/Android Studio.app/Contents/jre/Contents/Home!/jdk.scripting.nashorn.shell" type="simple" />
            <root url="jrt:///Applications/Android Studio.app/Contents/jre/Contents/Home!/jdk.sctp" type="simple" />
            <root url="jrt:///Applications/Android Studio.app/Contents/jre/Contents/Home!/jdk.security.auth" type="simple" />
            <root url="jrt:///Applications/Android Studio.app/Contents/jre/Contents/Home!/jdk.security.jgss" type="simple" />
            <root url="jrt:///Applications/Android Studio.app/Contents/jre/Contents/Home!/jdk.unsupported" type="simple" />
            <root url="jrt:///Applications/Android Studio.app/Contents/jre/Contents/Home!/jdk.xml.dom" type="simple" />
            <root url="jrt:///Applications/Android Studio.app/Contents/jre/Contents/Home!/jdk.zipfs" type="simple" />
          </root>
        </classPath>
        <javadocPath>
          <root type="composite">
            <root url="https://docs.oracle.com/en/java/javase/11/docs/api/" type="simple" />
          </root>
        </javadocPath>
        <sourcePath>
          <root type="composite" />
        </sourcePath>
      </roots>
      <additional />
    </jdk>
    <jdk version="2">
      <name value="Android API 9 Platform" />
      <type value="Android SDK" />
      <version value="version 11.0.10" />
      <homePath value="$USER_HOME$/Documents/android_sdk" />
      <roots>
        <annotationsPath>
          <root type="composite">
            <root url="jar://$APPLICATION_HOME_DIR$/plugins/android/resources/androidAnnotations.jar!/" type="simple" />
          </root>
        </annotationsPath>
        <classPath>
          <root type="composite">
            <root url="jar://$USER_HOME$/Documents/android_sdk/platforms/android-9/android.jar!/" type="simple" />
            <root url="file://$USER_HOME$/Documents/android_sdk/platforms/android-9/data/res" type="simple" />
            <root url="jar://$USER_HOME$/Documents/android_sdk/tools/support/annotations.jar!/" type="simple" />
          </root>
        </classPath>
        <javadocPath>
          <root type="composite">
            <root url="file://$USER_HOME$/Documents/android_sdk/docs/reference" type="simple" />
          </root>
        </javadocPath>
        <sourcePath>
          <root type="composite" />
        </sourcePath>
      </roots>
      <additional jdk="11" sdk="android-9" />
    </jdk>
    <jdk version="2">
      <name value="Android API 12 Platform" />
      <type value="Android SDK" />
      <version value="version 11.0.10" />
      <homePath value="$USER_HOME$/Documents/android_sdk" />
      <roots>
        <annotationsPath>
          <root type="composite">
            <root url="jar://$APPLICATION_HOME_DIR$/plugins/android/resources/androidAnnotations.jar!/" type="simple" />
          </root>
        </annotationsPath>
        <classPath>
          <root type="composite">
            <root url="jar://$USER_HOME$/Documents/android_sdk/platforms/android-12/android.jar!/" type="simple" />
            <root url="file://$USER_HOME$/Documents/android_sdk/platforms/android-12/data/res" type="simple" />
            <root url="jar://$USER_HOME$/Documents/android_sdk/tools/support/annotations.jar!/" type="simple" />
          </root>
        </classPath>
        <javadocPath>
          <root type="composite">
            <root url="file://$USER_HOME$/Documents/android_sdk/docs/reference" type="simple" />
          </root>
        </javadocPath>
        <sourcePath>
          <root type="composite" />
        </sourcePath>
      </roots>
      <additional jdk="11" sdk="android-12" />
    </jdk>
    <jdk version="2">
      <name value="Android API 13 Platform" />
      <type value="Android SDK" />
      <version value="version 11.0.10" />
      <homePath value="$USER_HOME$/Documents/android_sdk" />
      <roots>
        <annotationsPath>
          <root type="composite">
            <root url="jar://$APPLICATION_HOME_DIR$/plugins/android/resources/androidAnnotations.jar!/" type="simple" />
          </root>
        </annotationsPath>
        <classPath>
          <root type="composite">
            <root url="jar://$USER_HOME$/Documents/android_sdk/platforms/android-13/android.jar!/" type="simple" />
            <root url="file://$USER_HOME$/Documents/android_sdk/platforms/android-13/data/res" type="simple" />
            <root url="jar://$USER_HOME$/Documents/android_sdk/tools/support/annotations.jar!/" type="simple" />
          </root>
        </classPath>
        <javadocPath>
          <root type="composite">
            <root url="file://$USER_HOME$/Documents/android_sdk/docs/reference" type="simple" />
          </root>
        </javadocPath>
        <sourcePath>
          <root type="composite" />
        </sourcePath>
      </roots>
      <additional jdk="11" sdk="android-13" />
    </jdk>
    <jdk version="2">
      <name value="Android API 14 Platform" />
      <type value="Android SDK" />
      <version value="version 11.0.10" />
      <homePath value="$USER_HOME$/Documents/android_sdk" />
      <roots>
        <annotationsPath>
          <root type="composite">
            <root url="jar://$APPLICATION_HOME_DIR$/plugins/android/resources/androidAnnotations.jar!/" type="simple" />
          </root>
        </annotationsPath>
        <classPath>
          <root type="composite">
            <root url="jar://$USER_HOME$/Documents/android_sdk/platforms/android-14/android.jar!/" type="simple" />
            <root url="file://$USER_HOME$/Documents/android_sdk/platforms/android-14/data/res" type="simple" />
            <root url="jar://$USER_HOME$/Documents/android_sdk/tools/support/annotations.jar!/" type="simple" />
          </root>
        </classPath>
        <javadocPath>
          <root type="composite">
            <root url="file://$USER_HOME$/Documents/android_sdk/docs/reference" type="simple" />
          </root>
        </javadocPath>
        <sourcePath>
          <root type="composite">
            <root url="file://$USER_HOME$/Documents/android_sdk/sources/android-14" type="simple" />
          </root>
        </sourcePath>
      </roots>
      <additional jdk="11" sdk="android-14" />
    </jdk>
    <jdk version="2">
      <name value="Android API 15 Platform" />
      <type value="Android SDK" />
      <version value="version 11.0.10" />
      <homePath value="$USER_HOME$/Documents/android_sdk" />
      <roots>
        <annotationsPath>
          <root type="composite">
            <root url="jar://$APPLICATION_HOME_DIR$/plugins/android/resources/androidAnnotations.jar!/" type="simple" />
          </root>
        </annotationsPath>
        <classPath>
          <root type="composite">
            <root url="jar://$USER_HOME$/Documents/android_sdk/platforms/android-15/android.jar!/" type="simple" />
            <root url="file://$USER_HOME$/Documents/android_sdk/platforms/android-15/data/res" type="simple" />
            <root url="jar://$USER_HOME$/Documents/android_sdk/tools/support/annotations.jar!/" type="simple" />
          </root>
        </classPath>
        <javadocPath>
          <root type="composite">
            <root url="file://$USER_HOME$/Documents/android_sdk/docs/reference" type="simple" />
          </root>
        </javadocPath>
        <sourcePath>
          <root type="composite">
            <root url="file://$USER_HOME$/Documents/android_sdk/sources/android-15" type="simple" />
          </root>
        </sourcePath>
      </roots>
      <additional jdk="11" sdk="android-15" />
    </jdk>
    <jdk version="2">
      <name value="Android API 16 Platform" />
      <type value="Android SDK" />
      <version value="version 11.0.10" />
      <homePath value="$USER_HOME$/Documents/android_sdk" />
      <roots>
        <annotationsPath>
          <root type="composite">
            <root url="jar://$APPLICATION_HOME_DIR$/plugins/android/resources/androidAnnotations.jar!/" type="simple" />
          </root>
        </annotationsPath>
        <classPath>
          <root type="composite">
            <root url="jar://$USER_HOME$/Documents/android_sdk/platforms/android-16/android.jar!/" type="simple" />
            <root url="file://$USER_HOME$/Documents/android_sdk/platforms/android-16/data/res" type="simple" />
          </root>
        </classPath>
        <javadocPath>
          <root type="composite">
            <root url="file://$USER_HOME$/Documents/android_sdk/docs/reference" type="simple" />
          </root>
        </javadocPath>
        <sourcePath>
          <root type="composite">
            <root url="file://$USER_HOME$/Documents/android_sdk/sources/android-16" type="simple" />
          </root>
        </sourcePath>
      </roots>
      <additional jdk="11" sdk="android-16" />
    </jdk>
    <jdk version="2">
      <name value="Android API 17 Platform" />
      <type value="Android SDK" />
      <version value="version 11.0.10" />
      <homePath value="$USER_HOME$/Documents/android_sdk" />
      <roots>
        <annotationsPath>
          <root type="composite">
            <root url="jar://$APPLICATION_HOME_DIR$/plugins/android/resources/androidAnnotations.jar!/" type="simple" />
          </root>
        </annotationsPath>
        <classPath>
          <root type="composite">
            <root url="jar://$USER_HOME$/Documents/android_sdk/platforms/android-17/android.jar!/" type="simple" />
            <root url="file://$USER_HOME$/Documents/android_sdk/platforms/android-17/data/res" type="simple" />
          </root>
        </classPath>
        <javadocPath>
          <root type="composite">
            <root url="file://$USER_HOME$/Documents/android_sdk/docs/reference" type="simple" />
          </root>
        </javadocPath>
        <sourcePath>
          <root type="composite">
            <root url="file://$USER_HOME$/Documents/android_sdk/sources/android-17" type="simple" />
          </root>
        </sourcePath>
      </roots>
      <additional jdk="11" sdk="android-17" />
    </jdk>
    <jdk version="2">
      <name value="Android API 18 Platform" />
      <type value="Android SDK" />
      <version value="version 11.0.10" />
      <homePath value="$USER_HOME$/Documents/android_sdk" />
      <roots>
        <annotationsPath>
          <root type="composite">
            <root url="jar://$APPLICATION_HOME_DIR$/plugins/android/resources/androidAnnotations.jar!/" type="simple" />
          </root>
        </annotationsPath>
        <classPath>
          <root type="composite">
            <root url="jar://$USER_HOME$/Documents/android_sdk/platforms/android-18/android.jar!/" type="simple" />
            <root url="file://$USER_HOME$/Documents/android_sdk/platforms/android-18/data/res" type="simple" />
          </root>
        </classPath>
        <javadocPath>
          <root type="composite">
            <root url="file://$USER_HOME$/Documents/android_sdk/docs/reference" type="simple" />
          </root>
        </javadocPath>
        <sourcePath>
          <root type="composite">
            <root url="file://$USER_HOME$/Documents/android_sdk/sources/android-18" type="simple" />
          </root>
        </sourcePath>
      </roots>
      <additional jdk="11" sdk="android-18" />
    </jdk>
    <jdk version="2">
      <name value="Android API 19 Platform" />
      <type value="Android SDK" />
      <version value="version 11.0.10" />
      <homePath value="$USER_HOME$/Documents/android_sdk" />
      <roots>
        <annotationsPath>
          <root type="composite">
            <root url="jar://$APPLICATION_HOME_DIR$/plugins/android/resources/androidAnnotations.jar!/" type="simple" />
          </root>
        </annotationsPath>
        <classPath>
          <root type="composite">
            <root url="jar://$USER_HOME$/Documents/android_sdk/platforms/android-19/android.jar!/" type="simple" />
            <root url="file://$USER_HOME$/Documents/android_sdk/platforms/android-19/data/res" type="simple" />
          </root>
        </classPath>
        <javadocPath>
          <root type="composite">
            <root url="file://$USER_HOME$/Documents/android_sdk/docs/reference" type="simple" />
          </root>
        </javadocPath>
        <sourcePath>
          <root type="composite">
            <root url="file://$USER_HOME$/Documents/android_sdk/sources/android-19" type="simple" />
          </root>
        </sourcePath>
      </roots>
      <additional jdk="11" sdk="android-19" />
    </jdk>
    <jdk version="2">
      <name value="Android API 20 Platform" />
      <type value="Android SDK" />
      <version value="version 11.0.10" />
      <homePath value="$USER_HOME$/Documents/android_sdk" />
      <roots>
        <annotationsPath>
          <root type="composite">
            <root url="jar://$APPLICATION_HOME_DIR$/plugins/android/resources/androidAnnotations.jar!/" type="simple" />
          </root>
        </annotationsPath>
        <classPath>
          <root type="composite">
            <root url="jar://$USER_HOME$/Documents/android_sdk/platforms/android-20/android.jar!/" type="simple" />
            <root url="file://$USER_HOME$/Documents/android_sdk/platforms/android-20/data/res" type="simple" />
          </root>
        </classPath>
        <javadocPath>
          <root type="composite">
            <root url="file://$USER_HOME$/Documents/android_sdk/docs/reference" type="simple" />
          </root>
        </javadocPath>
        <sourcePath>
          <root type="composite">
            <root url="file://$USER_HOME$/Documents/android_sdk/sources/android-20" type="simple" />
          </root>
        </sourcePath>
      </roots>
      <additional jdk="11" sdk="android-20" />
    </jdk>
    <jdk version="2">
      <name value="Android API 21 Platform" />
      <type value="Android SDK" />
      <version value="version 11.0.10" />
      <homePath value="$USER_HOME$/Documents/android_sdk" />
      <roots>
        <annotationsPath>
          <root type="composite">
            <root url="jar://$APPLICATION_HOME_DIR$/plugins/android/resources/androidAnnotations.jar!/" type="simple" />
          </root>
        </annotationsPath>
        <classPath>
          <root type="composite">
            <root url="jar://$USER_HOME$/Documents/android_sdk/platforms/android-21/android.jar!/" type="simple" />
            <root url="file://$USER_HOME$/Documents/android_sdk/platforms/android-21/data/res" type="simple" />
          </root>
        </classPath>
        <javadocPath>
          <root type="composite">
            <root url="file://$USER_HOME$/Documents/android_sdk/docs/reference" type="simple" />
          </root>
        </javadocPath>
        <sourcePath>
          <root type="composite">
            <root url="file://$USER_HOME$/Documents/android_sdk/sources/android-21" type="simple" />
          </root>
        </sourcePath>
      </roots>
      <additional jdk="11" sdk="android-21" />
    </jdk>
    <jdk version="2">
      <name value="Android API 22 Platform" />
      <type value="Android SDK" />
      <version value="version 11.0.10" />
      <homePath value="$USER_HOME$/Documents/android_sdk" />
      <roots>
        <annotationsPath>
          <root type="composite">
            <root url="jar://$APPLICATION_HOME_DIR$/plugins/android/resources/androidAnnotations.jar!/" type="simple" />
          </root>
        </annotationsPath>
        <classPath>
          <root type="composite">
            <root url="jar://$USER_HOME$/Documents/android_sdk/platforms/android-22/android.jar!/" type="simple" />
            <root url="file://$USER_HOME$/Documents/android_sdk/platforms/android-22/data/res" type="simple" />
          </root>
        </classPath>
        <javadocPath>
          <root type="composite">
            <root url="file://$USER_HOME$/Documents/android_sdk/docs/reference" type="simple" />
          </root>
        </javadocPath>
        <sourcePath>
          <root type="composite">
            <root url="file://$USER_HOME$/Documents/android_sdk/sources/android-22" type="simple" />
          </root>
        </sourcePath>
      </roots>
      <additional jdk="11" sdk="android-22" />
    </jdk>
    <jdk version="2">
      <name value="Android API 23 Platform" />
      <type value="Android SDK" />
      <version value="version 11.0.10" />
      <homePath value="$USER_HOME$/Documents/android_sdk" />
      <roots>
        <annotationsPath>
          <root type="composite">
            <root url="jar://$APPLICATION_HOME_DIR$/plugins/android/resources/androidAnnotations.jar!/" type="simple" />
          </root>
        </annotationsPath>
        <classPath>
          <root type="composite">
            <root url="jar://$USER_HOME$/Documents/android_sdk/platforms/android-23/android.jar!/" type="simple" />
            <root url="file://$USER_HOME$/Documents/android_sdk/platforms/android-23/data/res" type="simple" />
          </root>
        </classPath>
        <javadocPath>
          <root type="composite">
            <root url="file://$USER_HOME$/Documents/android_sdk/docs/reference" type="simple" />
          </root>
        </javadocPath>
        <sourcePath>
          <root type="composite">
            <root url="file://$USER_HOME$/Documents/android_sdk/sources/android-23" type="simple" />
          </root>
        </sourcePath>
      </roots>
      <additional jdk="11" sdk="android-23" />
    </jdk>
    <jdk version="2">
      <name value="Android API 24 Platform" />
      <type value="Android SDK" />
      <version value="version 11.0.10" />
      <homePath value="$USER_HOME$/Documents/android_sdk" />
      <roots>
        <annotationsPath>
          <root type="composite">
            <root url="jar://$APPLICATION_HOME_DIR$/plugins/android/resources/androidAnnotations.jar!/" type="simple" />
          </root>
        </annotationsPath>
        <classPath>
          <root type="composite">
            <root url="jar://$USER_HOME$/Documents/android_sdk/platforms/android-24/android.jar!/" type="simple" />
            <root url="file://$USER_HOME$/Documents/android_sdk/platforms/android-24/data/res" type="simple" />
          </root>
        </classPath>
        <javadocPath>
          <root type="composite">
            <root url="file://$USER_HOME$/Documents/android_sdk/docs/reference" type="simple" />
          </root>
        </javadocPath>
        <sourcePath>
          <root type="composite">
            <root url="file://$USER_HOME$/Documents/android_sdk/sources/android-24" type="simple" />
          </root>
        </sourcePath>
      </roots>
      <additional jdk="11" sdk="android-24" />
    </jdk>
    <jdk version="2">
      <name value="Android API 25 Platform" />
      <type value="Android SDK" />
      <version value="version 11.0.10" />
      <homePath value="$USER_HOME$/Documents/android_sdk" />
      <roots>
        <annotationsPath>
          <root type="composite">
            <root url="jar://$APPLICATION_HOME_DIR$/plugins/android/resources/androidAnnotations.jar!/" type="simple" />
          </root>
        </annotationsPath>
        <classPath>
          <root type="composite">
            <root url="jar://$USER_HOME$/Documents/android_sdk/platforms/android-25/android.jar!/" type="simple" />
            <root url="file://$USER_HOME$/Documents/android_sdk/platforms/android-25/data/res" type="simple" />
          </root>
        </classPath>
        <javadocPath>
          <root type="composite">
            <root url="file://$USER_HOME$/Documents/android_sdk/docs/reference" type="simple" />
          </root>
        </javadocPath>
        <sourcePath>
          <root type="composite">
            <root url="file://$USER_HOME$/Documents/android_sdk/sources/android-25" type="simple" />
          </root>
        </sourcePath>
      </roots>
      <additional jdk="11" sdk="android-25" />
    </jdk>
    <jdk version="2">
      <name value="Android API 26 Platform" />
      <type value="Android SDK" />
      <version value="version 11.0.10" />
      <homePath value="$USER_HOME$/Documents/android_sdk" />
      <roots>
        <annotationsPath>
          <root type="composite">
            <root url="jar://$APPLICATION_HOME_DIR$/plugins/android/resources/androidAnnotations.jar!/" type="simple" />
          </root>
        </annotationsPath>
        <classPath>
          <root type="composite">
            <root url="jar://$USER_HOME$/Documents/android_sdk/platforms/android-26/android.jar!/" type="simple" />
            <root url="file://$USER_HOME$/Documents/android_sdk/platforms/android-26/data/res" type="simple" />
          </root>
        </classPath>
        <javadocPath>
          <root type="composite">
            <root url="file://$USER_HOME$/Documents/android_sdk/docs/reference" type="simple" />
          </root>
        </javadocPath>
        <sourcePath>
          <root type="composite">
            <root url="file://$USER_HOME$/Documents/android_sdk/sources/android-26" type="simple" />
          </root>
        </sourcePath>
      </roots>
      <additional jdk="11" sdk="android-26" />
    </jdk>
    <jdk version="2">
      <name value="Android API 27 Platform" />
      <type value="Android SDK" />
      <version value="version 11.0.10" />
      <homePath value="$USER_HOME$/Documents/android_sdk" />
      <roots>
        <annotationsPath>
          <root type="composite">
            <root url="jar://$APPLICATION_HOME_DIR$/plugins/android/resources/androidAnnotations.jar!/" type="simple" />
          </root>
        </annotationsPath>
        <classPath>
          <root type="composite">
            <root url="jar://$USER_HOME$/Documents/android_sdk/platforms/android-27/android.jar!/" type="simple" />
            <root url="file://$USER_HOME$/Documents/android_sdk/platforms/android-27/data/res" type="simple" />
          </root>
        </classPath>
        <javadocPath>
          <root type="composite">
            <root url="file://$USER_HOME$/Documents/android_sdk/docs/reference" type="simple" />
          </root>
        </javadocPath>
        <sourcePath>
          <root type="composite">
            <root url="file://$USER_HOME$/Documents/android_sdk/sources/android-27" type="simple" />
          </root>
        </sourcePath>
      </roots>
      <additional jdk="11" sdk="android-27" />
    </jdk>
    <jdk version="2">
      <name value="Android API 27, P preview Platform" />
      <type value="Android SDK" />
      <version value="version 11.0.10" />
      <homePath value="$USER_HOME$/Documents/android_sdk" />
      <roots>
        <annotationsPath>
          <root type="composite">
            <root url="jar://$APPLICATION_HOME_DIR$/plugins/android/resources/androidAnnotations.jar!/" type="simple" />
          </root>
        </annotationsPath>
        <classPath>
          <root type="composite">
            <root url="jar://$USER_HOME$/Documents/android_sdk/platforms/android-P/android.jar!/" type="simple" />
            <root url="file://$USER_HOME$/Documents/android_sdk/platforms/android-P/data/res" type="simple" />
          </root>
        </classPath>
        <javadocPath>
          <root type="composite">
            <root url="file://$USER_HOME$/Documents/android_sdk/docs/reference" type="simple" />
          </root>
        </javadocPath>
        <sourcePath>
          <root type="composite" />
        </sourcePath>
      </roots>
      <additional jdk="11" sdk="android-P" />
    </jdk>
    <jdk version="2">
      <name value="Android Studio default JDK" />
      <type value="JavaSDK" />
      <version value="version 11.0.10" />
      <homePath value="$APPLICATION_HOME_DIR$/jre/Contents/Home" />
      <roots>
        <annotationsPath>
          <root type="composite">
            <root url="jar://$APPLICATION_HOME_DIR$/plugins/java/lib/jdkAnnotations.jar!/" type="simple" />
          </root>
        </annotationsPath>
        <classPath>
          <root type="composite">
            <root url="jrt:///Applications/Android Studio.app/Contents/jre/Contents/Home!/java.base" type="simple" />
            <root url="jrt:///Applications/Android Studio.app/Contents/jre/Contents/Home!/java.compiler" type="simple" />
            <root url="jrt:///Applications/Android Studio.app/Contents/jre/Contents/Home!/java.datatransfer" type="simple" />
            <root url="jrt:///Applications/Android Studio.app/Contents/jre/Contents/Home!/java.desktop" type="simple" />
            <root url="jrt:///Applications/Android Studio.app/Contents/jre/Contents/Home!/java.instrument" type="simple" />
            <root url="jrt:///Applications/Android Studio.app/Contents/jre/Contents/Home!/java.logging" type="simple" />
            <root url="jrt:///Applications/Android Studio.app/Contents/jre/Contents/Home!/java.management" type="simple" />
            <root url="jrt:///Applications/Android Studio.app/Contents/jre/Contents/Home!/java.management.rmi" type="simple" />
            <root url="jrt:///Applications/Android Studio.app/Contents/jre/Contents/Home!/java.naming" type="simple" />
            <root url="jrt:///Applications/Android Studio.app/Contents/jre/Contents/Home!/java.net.http" type="simple" />
            <root url="jrt:///Applications/Android Studio.app/Contents/jre/Contents/Home!/java.prefs" type="simple" />
            <root url="jrt:///Applications/Android Studio.app/Contents/jre/Contents/Home!/java.rmi" type="simple" />
            <root url="jrt:///Applications/Android Studio.app/Contents/jre/Contents/Home!/java.scripting" type="simple" />
            <root url="jrt:///Applications/Android Studio.app/Contents/jre/Contents/Home!/java.se" type="simple" />
            <root url="jrt:///Applications/Android Studio.app/Contents/jre/Contents/Home!/java.security.jgss" type="simple" />
            <root url="jrt:///Applications/Android Studio.app/Contents/jre/Contents/Home!/java.security.sasl" type="simple" />
            <root url="jrt:///Applications/Android Studio.app/Contents/jre/Contents/Home!/java.smartcardio" type="simple" />
            <root url="jrt:///Applications/Android Studio.app/Contents/jre/Contents/Home!/java.sql" type="simple" />
            <root url="jrt:///Applications/Android Studio.app/Contents/jre/Contents/Home!/java.sql.rowset" type="simple" />
            <root url="jrt:///Applications/Android Studio.app/Contents/jre/Contents/Home!/java.transaction.xa" type="simple" />
            <root url="jrt:///Applications/Android Studio.app/Contents/jre/Contents/Home!/java.xml" type="simple" />
            <root url="jrt:///Applications/Android Studio.app/Contents/jre/Contents/Home!/java.xml.crypto" type="simple" />
            <root url="jrt:///Applications/Android Studio.app/Contents/jre/Contents/Home!/jdk.accessibility" type="simple" />
            <root url="jrt:///Applications/Android Studio.app/Contents/jre/Contents/Home!/jdk.aot" type="simple" />
            <root url="jrt:///Applications/Android Studio.app/Contents/jre/Contents/Home!/jdk.attach" type="simple" />
            <root url="jrt:///Applications/Android Studio.app/Contents/jre/Contents/Home!/jdk.charsets" type="simple" />
            <root url="jrt:///Applications/Android Studio.app/Contents/jre/Contents/Home!/jdk.compiler" type="simple" />
            <root url="jrt:///Applications/Android Studio.app/Contents/jre/Contents/Home!/jdk.crypto.cryptoki" type="simple" />
            <root url="jrt:///Applications/Android Studio.app/Contents/jre/Contents/Home!/jdk.crypto.ec" type="simple" />
            <root url="jrt:///Applications/Android Studio.app/Contents/jre/Contents/Home!/jdk.dynalink" type="simple" />
            <root url="jrt:///Applications/Android Studio.app/Contents/jre/Contents/Home!/jdk.hotspot.agent" type="simple" />
            <root url="jrt:///Applications/Android Studio.app/Contents/jre/Contents/Home!/jdk.httpserver" type="simple" />
            <root url="jrt:///Applications/Android Studio.app/Contents/jre/Contents/Home!/jdk.internal.ed" type="simple" />
            <root url="jrt:///Applications/Android Studio.app/Contents/jre/Contents/Home!/jdk.internal.jvmstat" type="simple" />
            <root url="jrt:///Applications/Android Studio.app/Contents/jre/Contents/Home!/jdk.internal.le" type="simple" />
            <root url="jrt:///Applications/Android Studio.app/Contents/jre/Contents/Home!/jdk.internal.opt" type="simple" />
            <root url="jrt:///Applications/Android Studio.app/Contents/jre/Contents/Home!/jdk.internal.vm.ci" type="simple" />
            <root url="jrt:///Applications/Android Studio.app/Contents/jre/Contents/Home!/jdk.internal.vm.compiler" type="simple" />
            <root url="jrt:///Applications/Android Studio.app/Contents/jre/Contents/Home!/jdk.internal.vm.compiler.management" type="simple" />
            <root url="jrt:///Applications/Android Studio.app/Contents/jre/Contents/Home!/jdk.jartool" type="simple" />
            <root url="jrt:///Applications/Android Studio.app/Contents/jre/Contents/Home!/jdk.javadoc" type="simple" />
            <root url="jrt:///Applications/Android Studio.app/Contents/jre/Contents/Home!/jdk.jdeps" type="simple" />
            <root url="jrt:///Applications/Android Studio.app/Contents/jre/Contents/Home!/jdk.jdi" type="simple" />
            <root url="jrt:///Applications/Android Studio.app/Contents/jre/Contents/Home!/jdk.jdwp.agent" type="simple" />
            <root url="jrt:///Applications/Android Studio.app/Contents/jre/Contents/Home!/jdk.jfr" type="simple" />
            <root url="jrt:///Applications/Android Studio.app/Contents/jre/Contents/Home!/jdk.jlink" type="simple" />
            <root url="jrt:///Applications/Android Studio.app/Contents/jre/Contents/Home!/jdk.jsobject" type="simple" />
            <root url="jrt:///Applications/Android Studio.app/Contents/jre/Contents/Home!/jdk.localedata" type="simple" />
            <root url="jrt:///Applications/Android Studio.app/Contents/jre/Contents/Home!/jdk.management" type="simple" />
            <root url="jrt:///Applications/Android Studio.app/Contents/jre/Contents/Home!/jdk.management.agent" type="simple" />
            <root url="jrt:///Applications/Android Studio.app/Contents/jre/Contents/Home!/jdk.management.jfr" type="simple" />
            <root url="jrt:///Applications/Android Studio.app/Contents/jre/Contents/Home!/jdk.naming.dns" type="simple" />
            <root url="jrt:///Applications/Android Studio.app/Contents/jre/Contents/Home!/jdk.naming.rmi" type="simple" />
            <root url="jrt:///Applications/Android Studio.app/Contents/jre/Contents/Home!/jdk.net" type="simple" />
            <root url="jrt:///Applications/Android Studio.app/Contents/jre/Contents/Home!/jdk.pack" type="simple" />
            <root url="jrt:///Applications/Android Studio.app/Contents/jre/Contents/Home!/jdk.scripting.nashorn" type="simple" />
            <root url="jrt:///Applications/Android Studio.app/Contents/jre/Contents/Home!/jdk.scripting.nashorn.shell" type="simple" />
            <root url="jrt:///Applications/Android Studio.app/Contents/jre/Contents/Home!/jdk.sctp" type="simple" />
            <root url="jrt:///Applications/Android Studio.app/Contents/jre/Contents/Home!/jdk.security.auth" type="simple" />
            <root url="jrt:///Applications/Android Studio.app/Contents/jre/Contents/Home!/jdk.security.jgss" type="simple" />
            <root url="jrt:///Applications/Android Studio.app/Contents/jre/Contents/Home!/jdk.unsupported" type="simple" />
            <root url="jrt:///Applications/Android Studio.app/Contents/jre/Contents/Home!/jdk.xml.dom" type="simple" />
            <root url="jrt:///Applications/Android Studio.app/Contents/jre/Contents/Home!/jdk.zipfs" type="simple" />
          </root>
        </classPath>
        <javadocPath>
          <root type="composite" />
        </javadocPath>
        <sourcePath>
          <root type="composite" />
        </sourcePath>
      </roots>
      <additional />
    </jdk>
    <jdk version="2">
      <name value="Android API 30 Platform" />
      <type value="Android SDK" />
      <version value="version 11.0.10" />
      <homePath value="$USER_HOME$/Documents/android_sdk" />
      <roots>
        <annotationsPath>
          <root type="composite">
            <root url="jar://$USER_HOME$/Documents/android_sdk/platforms/android-30/data/annotations.zip!/" type="simple" />
          </root>
        </annotationsPath>
        <classPath>
          <root type="composite">
            <root url="jar://$USER_HOME$/Documents/android_sdk/platforms/android-30/android.jar!/" type="simple" />
            <root url="file://$USER_HOME$/Documents/android_sdk/platforms/android-30/data/res" type="simple" />
          </root>
        </classPath>
        <javadocPath>
          <root type="composite">
            <root url="file://$USER_HOME$/Documents/android_sdk/docs/reference" type="simple" />
          </root>
        </javadocPath>
        <sourcePath>
          <root type="composite">
            <root url="file://$USER_HOME$/Documents/android_sdk/sources/android-30" type="simple" />
          </root>
        </sourcePath>
      </roots>
      <additional jdk="Android Studio default JDK" sdk="android-30" />
    </jdk>
    <jdk version="2">
      <name value="Android API 29 Platform" />
      <type value="Android SDK" />
      <version value="version 11.0.10" />
      <homePath value="$USER_HOME$/Documents/android_sdk" />
      <roots>
        <annotationsPath>
          <root type="composite">
            <root url="jar://$USER_HOME$/Documents/android_sdk/platforms/android-29/data/annotations.zip!/" type="simple" />
          </root>
        </annotationsPath>
        <classPath>
          <root type="composite">
            <root url="jar://$USER_HOME$/Documents/android_sdk/platforms/android-29/android.jar!/" type="simple" />
            <root url="file://$USER_HOME$/Documents/android_sdk/platforms/android-29/data/res" type="simple" />
          </root>
        </classPath>
        <javadocPath>
          <root type="composite">
            <root url="file://$USER_HOME$/Documents/android_sdk/docs/reference" type="simple" />
          </root>
        </javadocPath>
        <sourcePath>
          <root type="composite">
            <root url="file://$USER_HOME$/Documents/android_sdk/sources/android-29" type="simple" />
          </root>
        </sourcePath>
      </roots>
      <additional jdk="Android Studio default JDK" sdk="android-29" />
    </jdk>
    <jdk version="2">
      <name value="Android API 31 Platform" />
      <type value="Android SDK" />
      <version value="version 11.0.10" />
      <homePath value="$USER_HOME$/Documents/android_sdk" />
      <roots>
        <annotationsPath>
          <root type="composite">
            <root url="jar://$USER_HOME$/Documents/android_sdk/platforms/android-31/data/annotations.zip!/" type="simple" />
          </root>
        </annotationsPath>
        <classPath>
          <root type="composite">
            <root url="jar://$USER_HOME$/Documents/android_sdk/platforms/android-31/android.jar!/" type="simple" />
            <root url="file://$USER_HOME$/Documents/android_sdk/platforms/android-31/data/res" type="simple" />
          </root>
        </classPath>
        <javadocPath>
          <root type="composite">
            <root url="file://$USER_HOME$/Documents/android_sdk/docs/reference" type="simple" />
          </root>
        </javadocPath>
        <sourcePath>
          <root type="composite">
            <root url="file://$USER_HOME$/Documents/android_sdk/sources/android-31" type="simple" />
          </root>
        </sourcePath>
      </roots>
      <additional jdk="Android Studio default JDK" sdk="android-31" />
    </jdk>
    <jdk version="2">
      <name value="Embedded JDK" />
      <type value="JavaSDK" />
      <version value="version 11.0.10" />
      <homePath value="$APPLICATION_HOME_DIR$/jre/Contents/Home" />
      <roots>
        <annotationsPath>
          <root type="composite">
            <root url="jar://$APPLICATION_HOME_DIR$/plugins/java/lib/jdkAnnotations.jar!/" type="simple" />
          </root>
        </annotationsPath>
        <classPath>
          <root type="composite">
            <root url="jrt:///Applications/Android Studio.app/Contents/jre/Contents/Home!/java.base" type="simple" />
            <root url="jrt:///Applications/Android Studio.app/Contents/jre/Contents/Home!/java.compiler" type="simple" />
            <root url="jrt:///Applications/Android Studio.app/Contents/jre/Contents/Home!/java.datatransfer" type="simple" />
            <root url="jrt:///Applications/Android Studio.app/Contents/jre/Contents/Home!/java.desktop" type="simple" />
            <root url="jrt:///Applications/Android Studio.app/Contents/jre/Contents/Home!/java.instrument" type="simple" />
            <root url="jrt:///Applications/Android Studio.app/Contents/jre/Contents/Home!/java.logging" type="simple" />
            <root url="jrt:///Applications/Android Studio.app/Contents/jre/Contents/Home!/java.management" type="simple" />
            <root url="jrt:///Applications/Android Studio.app/Contents/jre/Contents/Home!/java.management.rmi" type="simple" />
            <root url="jrt:///Applications/Android Studio.app/Contents/jre/Contents/Home!/java.naming" type="simple" />
            <root url="jrt:///Applications/Android Studio.app/Contents/jre/Contents/Home!/java.net.http" type="simple" />
            <root url="jrt:///Applications/Android Studio.app/Contents/jre/Contents/Home!/java.prefs" type="simple" />
            <root url="jrt:///Applications/Android Studio.app/Contents/jre/Contents/Home!/java.rmi" type="simple" />
            <root url="jrt:///Applications/Android Studio.app/Contents/jre/Contents/Home!/java.scripting" type="simple" />
            <root url="jrt:///Applications/Android Studio.app/Contents/jre/Contents/Home!/java.se" type="simple" />
            <root url="jrt:///Applications/Android Studio.app/Contents/jre/Contents/Home!/java.security.jgss" type="simple" />
            <root url="jrt:///Applications/Android Studio.app/Contents/jre/Contents/Home!/java.security.sasl" type="simple" />
            <root url="jrt:///Applications/Android Studio.app/Contents/jre/Contents/Home!/java.smartcardio" type="simple" />
            <root url="jrt:///Applications/Android Studio.app/Contents/jre/Contents/Home!/java.sql" type="simple" />
            <root url="jrt:///Applications/Android Studio.app/Contents/jre/Contents/Home!/java.sql.rowset" type="simple" />
            <root url="jrt:///Applications/Android Studio.app/Contents/jre/Contents/Home!/java.transaction.xa" type="simple" />
            <root url="jrt:///Applications/Android Studio.app/Contents/jre/Contents/Home!/java.xml" type="simple" />
            <root url="jrt:///Applications/Android Studio.app/Contents/jre/Contents/Home!/java.xml.crypto" type="simple" />
            <root url="jrt:///Applications/Android Studio.app/Contents/jre/Contents/Home!/jdk.accessibility" type="simple" />
            <root url="jrt:///Applications/Android Studio.app/Contents/jre/Contents/Home!/jdk.aot" type="simple" />
            <root url="jrt:///Applications/Android Studio.app/Contents/jre/Contents/Home!/jdk.attach" type="simple" />
            <root url="jrt:///Applications/Android Studio.app/Contents/jre/Contents/Home!/jdk.charsets" type="simple" />
            <root url="jrt:///Applications/Android Studio.app/Contents/jre/Contents/Home!/jdk.compiler" type="simple" />
            <root url="jrt:///Applications/Android Studio.app/Contents/jre/Contents/Home!/jdk.crypto.cryptoki" type="simple" />
            <root url="jrt:///Applications/Android Studio.app/Contents/jre/Contents/Home!/jdk.crypto.ec" type="simple" />
            <root url="jrt:///Applications/Android Studio.app/Contents/jre/Contents/Home!/jdk.dynalink" type="simple" />
            <root url="jrt:///Applications/Android Studio.app/Contents/jre/Contents/Home!/jdk.hotspot.agent" type="simple" />
            <root url="jrt:///Applications/Android Studio.app/Contents/jre/Contents/Home!/jdk.httpserver" type="simple" />
            <root url="jrt:///Applications/Android Studio.app/Contents/jre/Contents/Home!/jdk.internal.ed" type="simple" />
            <root url="jrt:///Applications/Android Studio.app/Contents/jre/Contents/Home!/jdk.internal.jvmstat" type="simple" />
            <root url="jrt:///Applications/Android Studio.app/Contents/jre/Contents/Home!/jdk.internal.le" type="simple" />
            <root url="jrt:///Applications/Android Studio.app/Contents/jre/Contents/Home!/jdk.internal.opt" type="simple" />
            <root url="jrt:///Applications/Android Studio.app/Contents/jre/Contents/Home!/jdk.internal.vm.ci" type="simple" />
            <root url="jrt:///Applications/Android Studio.app/Contents/jre/Contents/Home!/jdk.internal.vm.compiler" type="simple" />
            <root url="jrt:///Applications/Android Studio.app/Contents/jre/Contents/Home!/jdk.internal.vm.compiler.management" type="simple" />
            <root url="jrt:///Applications/Android Studio.app/Contents/jre/Contents/Home!/jdk.jartool" type="simple" />
            <root url="jrt:///Applications/Android Studio.app/Contents/jre/Contents/Home!/jdk.javadoc" type="simple" />
            <root url="jrt:///Applications/Android Studio.app/Contents/jre/Contents/Home!/jdk.jdeps" type="simple" />
            <root url="jrt:///Applications/Android Studio.app/Contents/jre/Contents/Home!/jdk.jdi" type="simple" />
            <root url="jrt:///Applications/Android Studio.app/Contents/jre/Contents/Home!/jdk.jdwp.agent" type="simple" />
            <root url="jrt:///Applications/Android Studio.app/Contents/jre/Contents/Home!/jdk.jfr" type="simple" />
            <root url="jrt:///Applications/Android Studio.app/Contents/jre/Contents/Home!/jdk.jlink" type="simple" />
            <root url="jrt:///Applications/Android Studio.app/Contents/jre/Contents/Home!/jdk.jsobject" type="simple" />
            <root url="jrt:///Applications/Android Studio.app/Contents/jre/Contents/Home!/jdk.localedata" type="simple" />
            <root url="jrt:///Applications/Android Studio.app/Contents/jre/Contents/Home!/jdk.management" type="simple" />
            <root url="jrt:///Applications/Android Studio.app/Contents/jre/Contents/Home!/jdk.management.agent" type="simple" />
            <root url="jrt:///Applications/Android Studio.app/Contents/jre/Contents/Home!/jdk.management.jfr" type="simple" />
            <root url="jrt:///Applications/Android Studio.app/Contents/jre/Contents/Home!/jdk.naming.dns" type="simple" />
            <root url="jrt:///Applications/Android Studio.app/Contents/jre/Contents/Home!/jdk.naming.rmi" type="simple" />
            <root url="jrt:///Applications/Android Studio.app/Contents/jre/Contents/Home!/jdk.net" type="simple" />
            <root url="jrt:///Applications/Android Studio.app/Contents/jre/Contents/Home!/jdk.pack" type="simple" />
            <root url="jrt:///Applications/Android Studio.app/Contents/jre/Contents/Home!/jdk.scripting.nashorn" type="simple" />
            <root url="jrt:///Applications/Android Studio.app/Contents/jre/Contents/Home!/jdk.scripting.nashorn.shell" type="simple" />
            <root url="jrt:///Applications/Android Studio.app/Contents/jre/Contents/Home!/jdk.sctp" type="simple" />
            <root url="jrt:///Applications/Android Studio.app/Contents/jre/Contents/Home!/jdk.security.auth" type="simple" />
            <root url="jrt:///Applications/Android Studio.app/Contents/jre/Contents/Home!/jdk.security.jgss" type="simple" />
            <root url="jrt:///Applications/Android Studio.app/Contents/jre/Contents/Home!/jdk.unsupported" type="simple" />
            <root url="jrt:///Applications/Android Studio.app/Contents/jre/Contents/Home!/jdk.xml.dom" type="simple" />
            <root url="jrt:///Applications/Android Studio.app/Contents/jre/Contents/Home!/jdk.zipfs" type="simple" />
          </root>
        </classPath>
        <javadocPath>
          <root type="composite" />
        </javadocPath>
        <sourcePath>
          <root type="composite" />
        </sourcePath>
      </roots>
      <additional />
    </jdk>
    <jdk version="2">
      <name value="Android Studio java home" />
      <type value="JavaSDK" />
      <version value="version 11.0.10" />
      <homePath value="$APPLICATION_HOME_DIR$/jre/Contents/Home" />
      <roots>
        <annotationsPath>
          <root type="composite">
            <root url="jar://$APPLICATION_HOME_DIR$/plugins/java/lib/jdkAnnotations.jar!/" type="simple" />
          </root>
        </annotationsPath>
        <classPath>
          <root type="composite">
            <root url="jrt:///Applications/Android Studio.app/Contents/jre/Contents/Home!/java.base" type="simple" />
            <root url="jrt:///Applications/Android Studio.app/Contents/jre/Contents/Home!/java.compiler" type="simple" />
            <root url="jrt:///Applications/Android Studio.app/Contents/jre/Contents/Home!/java.datatransfer" type="simple" />
            <root url="jrt:///Applications/Android Studio.app/Contents/jre/Contents/Home!/java.desktop" type="simple" />
            <root url="jrt:///Applications/Android Studio.app/Contents/jre/Contents/Home!/java.instrument" type="simple" />
            <root url="jrt:///Applications/Android Studio.app/Contents/jre/Contents/Home!/java.logging" type="simple" />
            <root url="jrt:///Applications/Android Studio.app/Contents/jre/Contents/Home!/java.management" type="simple" />
            <root url="jrt:///Applications/Android Studio.app/Contents/jre/Contents/Home!/java.management.rmi" type="simple" />
            <root url="jrt:///Applications/Android Studio.app/Contents/jre/Contents/Home!/java.naming" type="simple" />
            <root url="jrt:///Applications/Android Studio.app/Contents/jre/Contents/Home!/java.net.http" type="simple" />
            <root url="jrt:///Applications/Android Studio.app/Contents/jre/Contents/Home!/java.prefs" type="simple" />
            <root url="jrt:///Applications/Android Studio.app/Contents/jre/Contents/Home!/java.rmi" type="simple" />
            <root url="jrt:///Applications/Android Studio.app/Contents/jre/Contents/Home!/java.scripting" type="simple" />
            <root url="jrt:///Applications/Android Studio.app/Contents/jre/Contents/Home!/java.se" type="simple" />
            <root url="jrt:///Applications/Android Studio.app/Contents/jre/Contents/Home!/java.security.jgss" type="simple" />
            <root url="jrt:///Applications/Android Studio.app/Contents/jre/Contents/Home!/java.security.sasl" type="simple" />
            <root url="jrt:///Applications/Android Studio.app/Contents/jre/Contents/Home!/java.smartcardio" type="simple" />
            <root url="jrt:///Applications/Android Studio.app/Contents/jre/Contents/Home!/java.sql" type="simple" />
            <root url="jrt:///Applications/Android Studio.app/Contents/jre/Contents/Home!/java.sql.rowset" type="simple" />
            <root url="jrt:///Applications/Android Studio.app/Contents/jre/Contents/Home!/java.transaction.xa" type="simple" />
            <root url="jrt:///Applications/Android Studio.app/Contents/jre/Contents/Home!/java.xml" type="simple" />
            <root url="jrt:///Applications/Android Studio.app/Contents/jre/Contents/Home!/java.xml.crypto" type="simple" />
            <root url="jrt:///Applications/Android Studio.app/Contents/jre/Contents/Home!/jdk.accessibility" type="simple" />
            <root url="jrt:///Applications/Android Studio.app/Contents/jre/Contents/Home!/jdk.aot" type="simple" />
            <root url="jrt:///Applications/Android Studio.app/Contents/jre/Contents/Home!/jdk.attach" type="simple" />
            <root url="jrt:///Applications/Android Studio.app/Contents/jre/Contents/Home!/jdk.charsets" type="simple" />
            <root url="jrt:///Applications/Android Studio.app/Contents/jre/Contents/Home!/jdk.compiler" type="simple" />
            <root url="jrt:///Applications/Android Studio.app/Contents/jre/Contents/Home!/jdk.crypto.cryptoki" type="simple" />
            <root url="jrt:///Applications/Android Studio.app/Contents/jre/Contents/Home!/jdk.crypto.ec" type="simple" />
            <root url="jrt:///Applications/Android Studio.app/Contents/jre/Contents/Home!/jdk.dynalink" type="simple" />
            <root url="jrt:///Applications/Android Studio.app/Contents/jre/Contents/Home!/jdk.hotspot.agent" type="simple" />
            <root url="jrt:///Applications/Android Studio.app/Contents/jre/Contents/Home!/jdk.httpserver" type="simple" />
            <root url="jrt:///Applications/Android Studio.app/Contents/jre/Contents/Home!/jdk.internal.ed" type="simple" />
            <root url="jrt:///Applications/Android Studio.app/Contents/jre/Contents/Home!/jdk.internal.jvmstat" type="simple" />
            <root url="jrt:///Applications/Android Studio.app/Contents/jre/Contents/Home!/jdk.internal.le" type="simple" />
            <root url="jrt:///Applications/Android Studio.app/Contents/jre/Contents/Home!/jdk.internal.opt" type="simple" />
            <root url="jrt:///Applications/Android Studio.app/Contents/jre/Contents/Home!/jdk.internal.vm.ci" type="simple" />
            <root url="jrt:///Applications/Android Studio.app/Contents/jre/Contents/Home!/jdk.internal.vm.compiler" type="simple" />
            <root url="jrt:///Applications/Android Studio.app/Contents/jre/Contents/Home!/jdk.internal.vm.compiler.management" type="simple" />
            <root url="jrt:///Applications/Android Studio.app/Contents/jre/Contents/Home!/jdk.jartool" type="simple" />
            <root url="jrt:///Applications/Android Studio.app/Contents/jre/Contents/Home!/jdk.javadoc" type="simple" />
            <root url="jrt:///Applications/Android Studio.app/Contents/jre/Contents/Home!/jdk.jdeps" type="simple" />
            <root url="jrt:///Applications/Android Studio.app/Contents/jre/Contents/Home!/jdk.jdi" type="simple" />
            <root url="jrt:///Applications/Android Studio.app/Contents/jre/Contents/Home!/jdk.jdwp.agent" type="simple" />
            <root url="jrt:///Applications/Android Studio.app/Contents/jre/Contents/Home!/jdk.jfr" type="simple" />
            <root url="jrt:///Applications/Android Studio.app/Contents/jre/Contents/Home!/jdk.jlink" type="simple" />
            <root url="jrt:///Applications/Android Studio.app/Contents/jre/Contents/Home!/jdk.jsobject" type="simple" />
            <root url="jrt:///Applications/Android Studio.app/Contents/jre/Contents/Home!/jdk.localedata" type="simple" />
            <root url="jrt:///Applications/Android Studio.app/Contents/jre/Contents/Home!/jdk.management" type="simple" />
            <root url="jrt:///Applications/Android Studio.app/Contents/jre/Contents/Home!/jdk.management.agent" type="simple" />
            <root url="jrt:///Applications/Android Studio.app/Contents/jre/Contents/Home!/jdk.management.jfr" type="simple" />
            <root url="jrt:///Applications/Android Studio.app/Contents/jre/Contents/Home!/jdk.naming.dns" type="simple" />
            <root url="jrt:///Applications/Android Studio.app/Contents/jre/Contents/Home!/jdk.naming.rmi" type="simple" />
            <root url="jrt:///Applications/Android Studio.app/Contents/jre/Contents/Home!/jdk.net" type="simple" />
            <root url="jrt:///Applications/Android Studio.app/Contents/jre/Contents/Home!/jdk.pack" type="simple" />
            <root url="jrt:///Applications/Android Studio.app/Contents/jre/Contents/Home!/jdk.scripting.nashorn" type="simple" />
            <root url="jrt:///Applications/Android Studio.app/Contents/jre/Contents/Home!/jdk.scripting.nashorn.shell" type="simple" />
            <root url="jrt:///Applications/Android Studio.app/Contents/jre/Contents/Home!/jdk.sctp" type="simple" />
            <root url="jrt:///Applications/Android Studio.app/Contents/jre/Contents/Home!/jdk.security.auth" type="simple" />
            <root url="jrt:///Applications/Android Studio.app/Contents/jre/Contents/Home!/jdk.security.jgss" type="simple" />
            <root url="jrt:///Applications/Android Studio.app/Contents/jre/Contents/Home!/jdk.unsupported" type="simple" />
            <root url="jrt:///Applications/Android Studio.app/Contents/jre/Contents/Home!/jdk.xml.dom" type="simple" />
            <root url="jrt:///Applications/Android Studio.app/Contents/jre/Contents/Home!/jdk.zipfs" type="simple" />
          </root>
        </classPath>
        <javadocPath>
          <root type="composite" />
        </javadocPath>
        <sourcePath>
          <root type="composite" />
        </sourcePath>
      </roots>
      <additional />
    </jdk>
  </component>
</application>